AF,AU,4169.78465662358
AF,AT,1000.51210405824
AF,BE,1188.55095018144
AF,CA,5145.70035028413
AF,DK,1413.50031277306
AF,DE,12235.8171773677
AF,IR,252764.789347489
AF,NL,3825.82144111315
AF,NO,1504.35782150632
AF,PK,178182.327757003
AF,RU,10004.6797302779
AF,SA,36715.3712589679
AF,SE,3275.78095144136
AF,TJ,3945.69719656518
AF,TR,1705.36938294731
AF,GB,7609.2037638286
AF,US,7185.38840454126
AL,BE,3861.00522215895
AL,CA,3218.02216408193
AL,DE,5112.56992127142
AL,GR,55091.4980213787
AL,IT,80003.1623516082
AL,ME,1218.89684841336
AL,SE,1008.2336457765
AL,MK,16402.1053336126
AL,TR,1534.4825783219
AL,GB,2878.88322801406
AL,US,21003.0259968741
DZ,BE,4180.29856391433
DZ,CA,13391.8193237419
DZ,FR,261082.139695078
DZ,DE,7422.22328473348
DZ,IQ,1454.79644066865
DZ,IL,7367.08334259343
DZ,IT,4936.05065094929
DZ,JO,4133.95372870517
DZ,LB,1043.18589376283
DZ,MA,4012.3602885679
DZ,SO,1904.91452315087
DZ,ES,6664.61441166559
DZ,PS,3808.95148410845
DZ,CH,3001.10423261899
DZ,TN,3546.94475412518
DZ,GB,6305.80091119447
DZ,US,6199.63476084737
DZ,EH,29342.3555526964
AO,CG,4900.32863101192
AO,CD,25712.2713254223
AO,FR,2653.91544858368
AO,NA,4788.52703747355
AO,PT,19705.590271488
AO,ZA,4241.22950588292
AO,GB,1911.05914141901
AO,US,1643.7851393192
AO,ZM,2201.32935023787
AG,BD,1251.6301391665
AG,US,3289.35014468319
AR,AU,5569.23108401964
AR,AT,1176.63570077406
AR,BO,54992.6050507215
AR,BR,20691.3578206457
AR,CA,8566.67835218663
AR,CL,59439.2965667274
AR,CN,1587.37733545225
AR,CO,1277.32644932479
AR,EC,3311.55409267732
AR,FR,5212.86075848333
AR,DE,11498.1742810596
AR,IL,11352.8512903824
AR,IT,42544.3572582435
AR,JP,1445.53119209311
AR,MX,9705.66898992394
AR,NL,1441.39399800875
AR,PA,1101.77699016923
AR,PY,76709.1857676963
AR,PE,23658.0098233451
AR,RU,1526.67950140556
AR,ZA,1219.46605121666
AR,ES,45584.8279000061
AR,SE,1354.52379493412
AR,CH,4914.72588144405
AR,GB,4436.74470619521
AR,US,59706.6632462884
AR,UY,18768.6693398687
AR,VE ,2905.8694601679
AM,AZ,29477.3766495893
AM,BY,1358.52883314579
AM,BE,1900.14555163232
AM,FR,1597.15275219437
AM,GE,2330.54611323349
AM,DE,1258.81612047579
AM,GR,1379.40479350457
AM,KZ,3523.76079989922
AM,RU,92190.40475915
AM,UA,9438.26693453475
AM,US,7274.17994882037
AW,CO,1123.67881350305
AW,NL,2368.82617229971
AW,US,1423.29373872825
AU,AF,3178.78611507324
AU,AR,1822.73356361379
AU,AT,8428.82364239611
AU,BD,3155.47517382233
AU,BE,3034.92415783773
AU,BA,3871.15360551279
AU,BR,2638.72800827803
AU,KH,3609.78053870462
AU,CA,17533.3524154049
AU,CL,4716.19183760301
AU,CN,46235.3813364505
AU,HK,10238.1169119286
AU,CO,1548.56877638615
AU,HR,9068.14460703948
AU,CY,3668.76436706713
AU,CZ,2644.22558276059
AU,DK,2844.02907101791
AU,EG,5098.84256185223
AU,SV,1098.04726667922
AU,FJ,6687.70766350327
AU,FI,3518.00407306122
AU,FR,6723.47483508859
AU,DE,34664.0894505279
AU,GR,18009.516104084
AU,HU,3442.06275419671
AU,IN,37517.9198891621
AU,ID,9247.08263869146
AU,IR,4575.72053870388
AU,IQ,5349.25472502928
AU,IE,9026.11225003778
AU,IL,2039.28585406282
AU,IT,31202.6572656395
AU,JP,7895.66017602483
AU,KZ,2863.53679413399
AU,KE,1659.06288272837
AU,LA,1064.49841847707
AU,LB,9759.30042873214
AU,MY,16562.2802916281
AU,MT,6816.06971773904
AU,MU,3085.05180629504
AU,MM,2464.78874962744
AU,NP,2923.6848648564
AU,NL,14444.8711509923
AU,NZ,67432.7731577188
AU,NO,2918.17419487474
AU,PK,3715.13347952729
AU,PG,1126.77171471054
AU,PE,1224.00450558839
AU,PH,22142.3988988326
AU,PL,7885.88634452652
AU,PT,2313.15053322551
AU,KR,11143.6031201506
AU,RO,2197.78997861228
AU,RU,8068.84191990471
AU,WS,1690.95437614295
AU,SA,2275.48510904955
AU,RS,6327.86122806228
AU,SG,9361.75454389055
AU,SK,1855.24649599199
AU,SI,1912.70617359983
AU,ZA,23698.2559775558
AU,ES,4306.6997969017
AU,LK,9655.32850870366
AU,SD,2972.14826722177
AU,SE,3453.60613625604
AU,CH,9382.0303181063
AU,SY,1012.75247200898
AU,MK,5811.3077829872
AU,TH,6120.20812023479
AU,TR,15976.7893350734
AU,UA,2895.88419865511
AU,AE,1058.26303964457
AU,GB,174556.463014715
AU,US,39201.3393359259
AU,UY,1181.98527372344
AU,VN,25842.283217507
AU,ZM,1066.99642191609
AU,ZW,4085.93663155435
AT,AU,3150.91975023858
AT,BE,1061.46251994787
AT,BA,12145.8027595698
AT,BR,1166.39995864349
AT,BG,1816.83687006455
AT,CA,4389.41025548627
AT,CN,1717.95011193571
AT,HR,6159.776873133
AT,CZ,6829.09278480456
AT,EG,1539.29017023754
AT,FR,3174.57604907866
AT,DE,92466.7116942665
AT,HU,7284.57761196541
AT,IN,1248.35387199559
AT,IR,1535.2248528081
AT,IT,6541.12683209024
AT,ME,2122.7696468649
AT,NL,1935.13204984844
AT,PH,1371.29125969981
AT,PL,7508.42384080303
AT,RO,5931.2456401449
AT,RU,4716.55054812203
AT,RS,21637.6959758797
AT,SK,3993.65047447478
AT,SI,2785.21590787185
AT,ZA,1898.29014823774
AT,ES,1816.80078799624
AT,SE,1450.55888306514
AT,CH,19287.7842808219
AT,MK,2050.78528191175
AT,TR,25314.2219162564
AT,GB,5478.8166742152
AT,US,8264.67826151526
AZ,AM,24990.0850319259
AZ,BY,2102.23963721108
AZ,GE,5008.64787236844
AZ,DE,2287.41532572675
AZ,IR,1345.82123289655
AZ,IL,1385.91652140379
AZ,KZ,7417.95808692829
AZ,RU,115972.766880228
AZ,TR,2299.35309586931
AZ,TM,1114.93165288276
AZ,UA,12816.581825796
AZ,US,2485.66780274909
AZ,UZ,4436.14520032015
BS,HT,2656.01274385603
BS,US,6948.39479654421
BH,AF,1540.24021603677
BH,AU,1170.92512249921
BH,BD,12572.5269879761
BH,CA,1587.80244662387
BH,EG,9318.0694706743
BH,IN,33796.5576700358
BH,ID,3020.04666999716
BH,JO,2591.93066793304
BH,KW,1226.6853893469
BH,LB,1117.82488268036
BH,OM,1884.13129923663
BH,PK,9705.88247588035
BH,PH,5688.23261993949
BH,SA,1432.82657096438
BH,SS,3363.69982411527
BH,LK,1080.20654042597
BH,PS,3222.13824126218
BH,SD,1374.59703629314
BH,TR,2707.14827519049
BH,GB,3375.48106485476
BH,US,1851.71123622874
BH,YE,1935.56557280421
BD,AG,1594.92823066787
BD,AU,39182.1813107675
BD,AT,2163.9320231544
BD,BH,22524.19956754
BD,BE,2425.61952907501
BD,BR,2845.17784526571
BD,KH,2567.43551051061
BD,CA,36901.9905625074
BD,CN,27235.3695660795
BD,HK,4207.52263523613
BD,DK,1746.19471596043
BD,FI,2600.4437565362
BD,FR,4541.28481500856
BD,DE,8869.42167118715
BD,GR,4916.63328016048
BD,IN,970179.394335754
BD,ID,20200.4904811095
BD,IE,1864.08845121968
BD,IT,54858.6540658231
BD,JP,13419.5394749251
BD,JO,1841.10936691823
BD,KW,137907.766768209
BD,LA,9693.98749006814
BD,LB,1344.09495964249
BD,MY,216194.088260791
BD,MV,12152.8897340015
BD,MU,5162.40426330346
BD,MX,4691.79118591422
BD,MM,24934.8677357237
BD,NP,4880.88774074706
BD,NL,1997.18463092919
BD,NZ,2288.80884262287
BD,NO,3147.52552458049
BD,OM,323766.045343434
BD,PT,1373.5386788431
BD,QA,54905.346182348
BD,KR,18204.7135103796
BD,RU,1111.04711942133
BD,SA,371114.140418333
BD,SG,88070.0075031076
BD,ZA,3724.75465110988
BD,ES,4629.38990696203
BD,SE,5182.72779163272
BD,CH,2605.25631837526
BD,TH,18877.935926224
BD,AE,229480.793488502
BD,GB,138213.535471706
BD,US,151772.179996793
BD,VN,9691.02499774974
BB,CA,2051.05919502954
BB,GB,2426.35248994135
BB,US,5373.94749341775
BY,AZ,1534.87141054969
BY,CA,1228.63442499945
BY,EE,1719.44698910039
BY,GE,1557.19543904344
BY,DE,3966.71246024385
BY,IL,2379.74353982475
BY,IT,3384.80463132746
BY,KZ,15363.1163454494
BY,KG,1665.86468457402
BY,LV,5796.96383984941
BY,LT,4804.72855363095
BY,PL,8054.14080502873
BY,MD,1190.99087810051
BY,RU,161202.039185934
BY,TM,1071.58477258786
BY,UA,52502.4380783885
BY,US,5919.3664485415
BY,UZ,5088.19218272912
BE,DZ,1061.61188673035
BE,AU,2775.46408066356
BE,AT,1428.03411546484
BE,BR,1340.60440733133
BE,BG,2350.98078388418
BE,CA,6898.52665830742
BE,CN,1018.64177663598
BE,CD,2175.55358248526
BE,DK,1118.19068577914
BE,FR,49195.9179113626
BE,DE,18103.1779321252
BE,GR,2721.72973846193
BE,HU,1289.83822190986
BE,IL,1396.25097770471
BE,IT,31759.9013529555
BE,LU,8164.14279667122
BE,MA,9409.642461725
BE,NL,29863.0766798039
BE,PL,6864.19345322245
BE,PT,4260.35212572496
BE,RO,2758.64457491006
BE,RU,2394.70704290315
BE,ZA,3569.1597801474
BE,ES,12608.6159676225
BE,SE,1492.33034300259
BE,CH,6150.57680591835
BE,TR,12101.4133376208
BE,GB,10761.7407599006
BE,US,8300.5583444275
BZ,GT,2521.10865811925
BZ,MX,1343.68707171053
BZ,US,7740.98188960602
BJ,BF,1420.31716252308
BJ,CG,6477.60560229348
BJ,CI,7638.15677831989
BJ,FR,6733.6517401048
BJ,GA,6545.93981605384
BJ,GH,6201.31280005445
BJ,GN,2033.5280590836
BJ,NE,9368.78764732811
BJ,NG,78588.8440391123
BJ,TG,19832.316100998
BT,IN,6875.13816961577
BT,NP,4078.70393296797
BT,AE,1075.8494844788
BT,US,1689.95857771252
BO,AR,89131.9772337622
BO,BR,15903.5523217908
BO,CA,1630.57742466579
BO,CL,15378.485510178
BO,DE,1952.70276236678
BO,IT,4055.68650097259
BO,MX,1951.19572714295
BO,PE,2289.93280093203
BO,ES,20373.1662434036
BO,SE,1355.93617538036
BO,CH,1153.2160013963
BO,GB,1128.96790130381
BO,US,19289.3868101334
BA,AU,3437.90383870746
BA,AT,14140.3064122893
BA,CA,3304.52584842376
BA,HR,37017.2566702971
BA,DK,1596.74222629946
BA,FR,1168.03571224281
BA,DE,18521.8389234523
BA,ME,3443.03152673472
BA,NO,1126.39418223195
BA,RS,30381.3286381727
BA,SI,9833.5230582509
BA,SE,4863.57941859227
BA,CH,5176.62830359583
BA,MK,1152.40809837166
BA,US,10216.6686719207
BW,ZA,22151.885637829
BW,GB,1692.98541302658
BW,ZM,3215.72726590414
BW,ZW,3284.02548489664
BR,AR,12018.9880892116
BR,AU,5661.27323607634
BR,AT,1783.57039522511
BR,BD,1645.1177945505
BR,BE,3378.49869361398
BR,BO,8859.94258840104
BR,CA,7038.92836204899
BR,CL,10063.7585690328
BR,CN,16022.4456287329
BR,CO,1271.848481888
BR,EC,1008.09925140931
BR,FR,12724.6262217817
BR,GF,3935.79610885662
BR,DE,20207.38455652
BR,IE,1644.06192587484
BR,IL,1740.29419707456
BR,IT,26081.6471813372
BR,JP,31603.285847439
BR,LB,1329.55767588535
BR,MX,2343.13396512507
BR,NL,4711.09809221576
BR,NZ,1198.09566967008
BR,NO,1900.20182271649
BR,PY,13384.0440777802
BR,PE,2472.44002353353
BR,PT,43545.6337590504
BR,KR,1036.57215886968
BR,ZA,1278.77447192054
BR,ES,16627.8262268723
BR,SR,1466.00365797793
BR,SE,1933.76873904699
BR,CH,13850.586305344
BR,GB,12851.7345548339
BR,US,69555.8790809692
BR,UY,3955.73281112226
BR,VE ,1428.67250339781
BN,AU,1046.00743955695
BN,IN,3115.15422827934
BN,MY,6868.84063437609
BN,PH,1647.81112783247
BN,SG,1705.82834444272
BN,TH,1591.16580971066
BN,GB,1442.08060031215
BG,AT,2939.75706339999
BG,BE,9088.99170703608
BG,CA,2440.77347566235
BG,CY,1093.9937603151
BG,CZ,3053.94551253815
BG,DK,2079.75425502559
BG,FR,1905.25601552974
BG,DE,18626.2644211133
BG,GR,8252.66146195407
BG,IL,1793.79369389026
BG,IT,6464.42334896288
BG,KZ,1211.53488777758
BG,NL,4368.63002425932
BG,NO,2578.83611604775
BG,RO,1700.22355513745
BG,RU,3837.11420411142
BG,ES,13586.3736615074
BG,SE,1691.02293362288
BG,CH,1082.58901791569
BG,TR,99138.2113537001
BG,UA,1148.85514206345
BG,GB,6502.57239472052
BG,US,8247.85247021736
BF,BJ,4623.71019784686
BF,CI,336345.308286257
BF,FR,4327.71428483643
BF,GA,1450.02521042332
BF,DE,1087.48372982479
BF,GH,28734.9184132892
BF,IT,5859.73565933919
BF,ML,9006.82068484918
BF,NE,5198.62483859261
BF,NG,1197.00352564466
BF,TG,7040.48873297622
BI,CA,1317.60274441545
BI,CD,24369.0518021151
BI,RW,13720.7718485857
BI,UG,8107.37015099853
BI,TZ,12705.0298371508
KH,AU,10026.4688096464
KH,BD,2067.16405054023
KH,CA,7910.64289404866
KH,FR,14802.223178118
KH,DE,1462.64865698372
KH,JP,2260.457393526
KH,MY,3015.99534073199
KH,NZ,1812.19795201734
KH,KR,22433.3746407818
KH,TH,153464.0135754
KH,US,50774.1860137503
KH,VN,5382.24010153059
CM,BE,7400.90581060614
CM,CA,3792.14536869961
CM,CF,18540.5117203576
CM,TD,25256.5537982057
CM,CG,6067.33769329809
CM,GQ,1358.91639751198
CM,FR,26784.8314852569
CM,GA,6380.88332705383
CM,DE,9184.46335533223
CM,IT,4177.58271923028
CM,ML,1186.62067603596
CM,NG,14520.2497696004
CM,ZA,1384.26809721384
CM,SD,1761.20498370018
CM,CH,3343.92989872322
CM,GB,4117.28312063852
CM,US,22147.5510512179
CA,AF,4187.7561435846
CA,AL,1467.29879109211
CA,DZ,6094.306686822
CA,AR,2555.49092899556
CA,AU,21842.1400475253
CA,AT,4045.76678050196
CA,BD,4573.02886514786
CA,BB,1794.51250929257
CA,BY,2642.64302993909
CA,BE,4089.12211998978
CA,BA,3384.11966542964
CA,BR,4147.31078194651
CA,BG,2361.71164682898
CA,KH,2640.7768871662
CA,CM,1038.64530691213
CA,CL,4422.57901116474
CA,CN,78275.0446224913
CA,HK,22381.2586514239
CA,CO,7652.96698383494
CA,HR,5044.6734575898
CA,CU,1606.30511324579
CA,CY,1023.13063064375
CA,CZ,3290.03979589566
CA,CD,2434.49511954067
CA,DK,3096.54773264668
CA,DO,1550.15496806275
CA,EC,2444.24951853572
CA,EG,6019.77776525983
CA,SV,4310.16539349092
CA,ET,2589.74994462957
CA,FJ,2369.09624080181
CA,FI,2646.94862423053
CA,FR,20343.1385133
CA,DE,33345.4550227395
CA,GH,2442.53037224293
CA,GR,9783.98237870063
CA,GT,2013.16013464818
CA,GY,6878.29288050905
CA,HT,9550.45702076768
CA,HU,5944.00725426778
CA,IN,62475.4612394406
CA,ID,1884.10632759879
CA,IR,14543.9848701183
CA,IQ,5062.35154991068
CA,IE,4204.76086220476
CA,IL,4453.77964332238
CA,IT,38200.2007030039
CA,JM,11707.6217529864
CA,JP,6479.24246325261
CA,JO,1423.97921847495
CA,KZ,4462.49632660782
CA,KE,2728.25486915788
CA,KW,1239.92018495573
CA,LA,1328.06159818202
CA,LB,8855.44160006853
CA,MY,2813.05194372482
CA,MT,1395.48856476561
CA,MU,1501.90778402951
CA,MX,15227.6509761985
CA,MA,6296.82016751334
CA,NL,14559.2445347587
CA,NZ,3738.89006066033
CA,NG,3138.85907337363
CA,NO,2003.33467955426
CA,PK,17865.5567464458
CA,PY,1067.55412702753
CA,PE,3261.93647357721
CA,PH,57079.2507159247
CA,PL,19286.2179387628
CA,PT,15538.7006013863
CA,KR,18066.2349718925
CA,MD,1482.30860172713
CA,RO,8996.90992396881
CA,RU,20431.9903703414
CA,VC,1053.66498899755
CA,SA,3647.60639212425
CA,RS,4598.20522363976
CA,SG,3068.049252607
CA,SK,2295.37332704177
CA,SI,1413.7371904901
CA,SO,1985.10744401997
CA,ZA,8283.45354345008
CA,ES,4115.71841194735
CA,LK,12943.6565917307
CA,SD,1599.99583983876
CA,SE,2475.85304047032
CA,CH,7461.67739133992
CA,SY,2285.48097394317
CA,MK,1094.7642780131
CA,TH,1995.32751847342
CA,TT,7487.77620668934
CA,TN,1399.70755145951
CA,TR,6735.10187453613
CA,UG,1256.14785535265
CA,UA,12444.1951974324
CA,AE,2128.41306445964
CA,GB,85510.3046119548
CA,TZ,2034.86349011483
CA,US,204992.500199675
CA,VE ,2681.07762524796
CA,VN,20949.3641547211
CA,ZW,1194.32897462026
CV,AO,4064.80373457934
CV,FR,2529.9628610098
CV,MZ,1146.16570806551
CV,NL,1325.85331104979
CV,PT,10155.0178740953
CV,US,5750.98166754574
CF,CM,21528.8275821863
CF,TD,9981.03685256532
CF,CG,2997.95404847478
CF,CD,22212.8074595743
CF,FR,2462.21734173957
CF,SD,3081.24927047081
TD,CM,13563.5735036268
TD,CF,14266.5194708711
TD,CG,1989.47825117466
TD,CD,14602.6623164464
TD,FR,1208.02547485463
TD,NG,3391.70265632758
TD,SS,1887.89319675985
TD,SD,42541.0587679416
Ch. Isl.,PT,1322.32391846474
Ch. Isl.,GB,11476.0602006756
CL,AR,31485.3095041315
CL,AU,3765.19217008122
CL,BO,3420.90924474506
CL,BR,3511.05144412231
CL,CA,3638.40731976779
CL,CO,2030.7857810207
CL,EC,3673.82647103131
CL,FR,1923.69013319917
CL,DE,2959.31464806104
CL,IT,1911.56713503962
CL,PE,17433.8023134427
CL,ZA,1519.35422849233
CL,ES,7231.88468658352
CL,SE,3523.45844681892
CL,CH,1031.66298644309
CL,GB,2123.46871270167
CL,US,12783.1491899647
CL,VE ,2127.84487283791
CN,AR,3379.73250456646
CN,AU,159471.726756811
CN,AT,7140.3365949867
CN,BD,20501.5020971496
CN,BE,5564.77697129187
CN,BW,1724.08302028235
CN,BR,16441.5019960577
CN,CA,225938.821518717
CN,CL,5772.33760482428
CN,HK,511485.01408321
CN,MO,71876.6865427014
CN,CZ,2138.06133507415
CN,KP,12151.7603367893
CN,DK,4007.80760073307
CN,EC,1244.43309003809
CN,FI,6848.96677794796
CN,FR,28795.584273873
CN,DE,40319.7321990187
CN,HU,4213.50379950921
CN,IN,1805.06936582816
CN,ID,12555.7252881102
CN,IE,2919.51512572747
CN,IT,59084.1225457248
CN,JP,206558.761359977
CN,JO,1331.22450795555
CN,KZ,1229.73408877784
CN,MY,3179.05789734773
CN,MU,1096.41700704282
CN,MX,4530.65829934055
CN,MN,2067.71683954515
CN,MM,4111.1522920222
CN,NA,1221.55898475444
CN,NP,2506.51810816715
CN,NL,23029.3066031839
CN,NZ,27640.4018362855
CN,NO,4692.45211003597
CN,PA,6614.29581627389
CN,PE,2315.49634922119
CN,PH,15390.8445849965
CN,PT,3303.63546763653
CN,KR,400883.885769651
CN,RO,1865.16899789588
CN,RU,27800.224739725
CN,SG,149724.062085005
CN,ZA,11128.6858322113
CN,ES,27283.800418855
CN,SR,1991.80861890196
CN,SE,11876.6382593567
CN,CH,7185.68227110417
CN,TH,29472.2449854673
CN,UA,3450.35336901435
CN,GB,57711.248913544
CN,US,729392.339957929
CN,VE ,3402.61630200406
CN,VN,4477.95832440902
CN,ZM,1807.6548604795
HK,AU,22100.57761328
HK,CA,55407.6238213826
HK,CN,325628.991093477
HK,MO,9375.49026872122
HK,IN,2053.24119241503
HK,ID,14839.016682817
HK,JP,2877.92287084647
HK,MY,1905.03619112751
HK,NZ,1258.50383999022
HK,PH,13773.2573541509
HK,SG,12482.0107133313
HK,TH,2055.21715310423
HK,GB,29333.1395034431
HK,US,41867.1312626964
HK,VN,1387.63457369599
MO,CA,1309.33363151339
MO,CN,35592.54453672
MO,HK,7996.45256803846
MO,PH,1317.99037623313
MO,SG,4200.47061422425
MO,US,2169.14926999462
CO,AR,5833.65704587866
CO,AW,2006.50408295028
CO,AU,4175.39132513396
CO,BR,2323.95538503138
CO,CA,15573.0931565666
CO,CL,10371.9716331157
CO,CR,2697.74272358554
CO,CW,1193.44696609649
CO,EC,24730.2200660899
CO,FR,4984.59424370599
CO,DE,6605.58021189251
CO,IT,8278.12687269233
CO,MX,8165.54791102992
CO,NL,3290.71024380115
CO,NO,1555.24568144144
CO,PA,14244.7410620366
CO,PE,1381.77399922696
CO,ES,42274.5337683043
CO,SE,2895.17278158805
CO,CH,3488.79907181218
CO,GB,6048.46328968464
CO,US,151967.422319046
CO,VE ,142268.455394017
KM,FR,10316.2874875038
KM,MG,4524.53574175495
KM,YT,6802.81843842157
CG,AO,9353.31682224517
CG,BE,2863.21892808218
CG,BJ,1658.88470619233
CG,BI,3962.33279296469
CG,CM,2919.68885898236
CG,CA,1540.13156049148
CG,CF,6394.45434725279
CG,TD,1419.07959907284
CG,CD,41937.9524516943
CG,FR,19775.7702280799
CG,GA,1705.83306892198
CG,DE,2106.44156996946
CG,IT,1140.9099626266
CG,KE,1060.38012485156
CG,ML,5806.84346254525
CG,RW,2114.83188112168
CG,SN,1076.58378364389
CG,ZA,21152.6855780825
CG,SS,12613.9686260414
CG,UG,21366.1242486029
CG,GB,3538.60353254806
CG,TZ,2751.25803262518
CG,US,1582.69683178416
CG,ZM,3133.48036302611
CR,CA,1947.83876451095
CR,CO,2909.08372655166
CR,SV,1677.5260184062
CR,DE,1166.98193026243
CR,MX,1190.74597477848
CR,NI,32541.4082828993
CR,PA,4275.78786050241
CR,ES,1276.8290375728
CR,US,25381.9653216141
CI,BE,2181.65992751565
CI,BJ,12217.5370319838
CI,BF,247746.965020651
CI,CA,3592.32328235791
CI,FR,40730.4854548468
CI,DE,2652.36654570521
CI,GH,19429.5266158572
CI,GN,16083.1283647932
CI,IT,12787.2742186273
CI,LR,31200.1721474526
CI,ML,41041.0605444617
CI,NE,6568.14811053168
CI,NG,6338.73664850757
CI,SN,2913.92416267973
CI,ES,1052.80801635083
CI,CH,1770.31735071755
CI,TG,10056.0257844316
CI,GB,4533.66230389497
CI,US,15961.8956740861
HR,AU,7521.62233443694
HR,AT,9988.11414463081
HR,BA,36284.5452435193
HR,CA,5964.91607070775
HR,FR,1386.59187841858
HR,DE,43817.8156753838
HR,IT,3099.86618520499
HR,ME,4447.3851301782
HR,RS,43333.0651802527
HR,SI,8776.06029975531
HR,SE,1974.16245518502
HR,CH,5038.65986314604
HR,MK,1406.53560518921
HR,GB,1248.37013667067
HR,US,5881.64498384222
CU,CA,2119.26611866466
CU,CL,1422.02740445223
CU,DE,3160.02614591905
CU,IT,3819.47464035994
CU,MX,6131.48067393132
CU,PR,1734.32342312996
CU,RU,1054.84964229571
CU,ES,20681.3583925739
CU,US,177479.678251865
CU,VE ,1250.34503943321
CW,NL,6008.59979698476
CY,AU,2761.57387846425
CY,GE,1497.91642153253
CY,GR,4992.42512614652
CY,RU,2412.65817959281
CY,ZA,1276.63969727132
CY,TR,1553.0603789631
CY,GB,12782.8521184213
CY,US,2638.08378668997
CZ,AU,1644.48856052011
CZ,AT,7454.89442860425
CZ,BY,1466.78127856261
CZ,CA,2656.99881738703
CZ,FR,1229.28895473375
CZ,DE,69268.2535135159
CZ,IT,1598.9979189105
CZ,KZ,2150.62225839535
CZ,PL,2622.77444197538
CZ,MD,1070.71367595656
CZ,RO,1671.61038976797
CZ,RU,30251.8820327219
CZ,SK,22731.0001108058
CZ,ES,1032.48150679823
CZ,CH,1870.94498960682
CZ,UA,14656.9995897615
CZ,GB,5015.82194171636
CZ,US,8379.98100218133
CZ,VN,5914.00522621217
KP,CN,2838.2714842496
KP,KZ,18449.4715479179
KP,RU,3095.842659734
KP,GB,2381.97285446642
CD,AO,90251.6294994911
CD,BE,7883.08280803746
CD,BW,1274.25428685089
CD,BI,29193.0574044933
CD,CA,4258.69354965561
CD,CF,5975.40617617232
CD,CG,25607.2730506235
CD,FR,12944.8067089168
CD,DE,1985.45805591649
CD,IT,1168.40736819189
CD,KE,2735.11483535044
CD,NA,5007.14758927711
CD,PT,9821.23610282218
CD,RW,38767.4311758158
CD,ZA,26777.3188873917
CD,SS,29856.9158193996
CD,CH,2321.01062850656
CD,UG,62877.9252100875
CD,GB,4698.08847473867
CD,TZ,6382.14201120625
CD,US,6841.46035730187
CD,ZM,1797.92096689412
DK,AF,1004.91718961371
DK,AU,2178.73690375967
DK,AT,1183.99459783774
DK,BA,1714.11967838004
DK,CA,3474.7146512571
DK,CN,1238.52933035151
DK,FR,1689.96354034967
DK,DE,11250.4188917295
DK,IS,1708.77114579789
DK,IR,1487.15111014167
DK,IQ,2167.44306307251
DK,IT,1233.60441850816
DK,LB,1317.50499315874
DK,NL,1375.6401033847
DK,NO,7195.08161140594
DK,PK,1293.58909861295
DK,PH,1091.73889780415
DK,PL,3368.51852695839
DK,KR,1013.00615689818
DK,RU,1468.07929894935
DK,ZA,1003.49324675201
DK,ES,1951.69571342406
DK,SE,7854.66465449192
DK,CH,1930.64274049582
DK,TH,1161.84716591452
DK,TR,8182.36307141852
DK,GB,6267.79503200291
DK,US,5712.90379322833
DK,VN,1190.25426902078
DJ,CA,1224.78613391566
DJ,ET,4287.58395842459
DJ,FR,3974.59768458816
DJ,KE,1723.21306362166
DJ,SO,9652.93621587357
DJ,ZA,1067.78505631148
DJ,GB,1045.51115939854
DJ,US,1248.33699916857
DJ,YE,1358.74317224732
DO,AT,1018.23559929368
DO,CA,2680.68382169931
DO,CW,1471.14277574834
DO,FR,1097.44411491705
DO,DE,3556.82163920221
DO,HT,35525.5138909203
DO,IT,8834.45934791762
DO,NL,2118.43614287281
DO,PA,2235.58990547664
DO,PR,7330.7610476386
DO,ES,26808.3810604963
DO,CH,3384.80934230362
DO,US,258298.373084923
DO,VE ,2279.48413372134
EC,BE,1405.57853745614
EC,CA,3894.30414768986
EC,CL,7224.05828950399
EC,CO,26561.8999438457
EC,FR,1046.07948783121
EC,DE,2829.16397365092
EC,IT,19027.7737877897
EC,MX,1100.84316281994
EC,PE,1789.5333886532
EC,ES,51827.4268492733
EC,CH,1578.42221430914
EC,GB,2312.80843547172
EC,US,97210.77436129
EC,VE ,8239.64825979287
EG,AU,11265.9875121045
EG,AT,5669.7555757274
EG,BH,11805.5591513822
EG,BE,1048.61683494123
EG,BR,1220.36716364606
EG,CA,16217.8489288364
EG,CY,1968.80772055581
EG,FR,7648.57232350423
EG,DE,9549.28401668735
EG,GR,6102.76548702786
EG,IQ,2653.74387461318
EG,IL,4624.68087130691
EG,IT,29519.5975301377
EG,JO,30883.5886646469
EG,KW,168341.444235788
EG,LB,12890.8068318838
EG,LY,2723.50446317662
EG,NL,3802.69621221013
EG,OM,52395.9996218306
EG,QA,38644.0631422789
EG,RU,1551.4165596225
EG,SA,90912.3645653713
EG,SO,1793.35688799872
EG,ZA,2139.72938043741
EG,SS,2741.69401622313
EG,PS,12880.6704820832
EG,SD,4906.31845613511
EG,SE,3076.09749466773
EG,CH,2502.89641900464
EG,SY,1327.03064657368
EG,AE,145853.051647029
EG,GB,9853.70792035276
EG,US,57925.3702172497
EG,YE,1968.47203014167
SV,AU,2155.43238825061
SV,BZ,2838.24765573858
SV,CA,11826.9477012583
SV,CR,1678.77472127487
SV,GT,6691.88189071426
SV,HN,2678.41792525551
SV,IT,2764.41698649131
SV,MX,2878.46981524751
SV,NI,1024.48870337812
SV,ES,2145.38538218268
SV,US,331023.780076518
GQ,GA,5486.26608257707
GQ,ES,2067.37578509518
ER,CA,1276.50084401915
ER,EG,1673.30884891642
ER,ET,119227.984789057
ER,DE,3183.76116586695
ER,IT,1649.34965609447
ER,NL,1055.04267118993
ER,NO,9584.81453236171
ER,SS,1606.08679900705
ER,SD,29744.0096069732
ER,SE,11667.1944412239
ER,CH,1982.49439506319
ER,AE,1915.6404365868
ER,GB,2628.43194058794
ER,US,7881.40239025461
EE,BY,2033.88631440816
EE,FI,16625.1844348442
EE,DE,1583.61675456824
EE,NO,1843.01429976486
EE,RU,25800.0097498471
EE,SE,1086.48349954405
EE,UA,4488.37513885546
EE,US,1143.36545486742
ET,AU,6716.02629958636
ET,CA,14680.5425765015
ET,DK,1445.80957506838
ET,DJ,2574.61748685009
ET,EG,1299.70551792081
ET,ER,1038.49201776808
ET,FI,1868.45718249502
ET,FR,4145.99700970628
ET,DE,12803.640368603
ET,GR,1120.97720619111
ET,IL,37227.5620094947
ET,IT,15792.3697048659
ET,KE,20167.0996435206
ET,KW,1111.49383223615
ET,NL,5131.78468474367
ET,NO,5564.61948640974
ET,SA,44279.8739203611
ET,SO,40755.8788862849
ET,ZA,46304.0743709231
ET,SS,35726.2673182607
ET,ES,2230.79883368557
ET,SD,22727.9098669745
ET,SE,9808.0458430021
ET,CH,3144.35620109996
ET,AE,1093.55666689279
ET,GB,9186.84614085813
ET,US,112482.774604652
ET,YE,4009.33375679594
FJ,AU,16968.7946619727
FJ,CA,6646.12000166375
FJ,NZ,15964.197670514
FJ,GB,1653.66864959415
FJ,US,8461.21769794086
FI,AU,1357.48961140423
FI,BY,4464.58324914526
FI,CA,1505.14146552051
FI,EE,3464.58463791823
FI,DE,3084.78676342558
FI,KZ,14902.6659127283
FI,NL,1279.57542285017
FI,NO,1072.84930754486
FI,RU,7709.67941511283
FI,ES,1577.22264467177
FI,SE,22676.0106265057
FI,UA,19766.558573296
FI,GB,2256.48637923912
FI,US,2993.75633041872
FR,DZ,159577.955334983
FR,AO,2671.35444288603
FR,AR,3304.23491557353
FR,AM,2114.18144028148
FR,AU,17864.9945261459
FR,AT,8902.793454476
FR,BY,1593.01334519767
FR,BE,74658.246999846
FR,BJ,2417.5221919721
FR,BA,1302.15805764735
FR,BR,11636.5114253803
FR,BG,3532.02094007305
FR,BF,1094.49007714846
FR,KH,6652.57084354738
FR,CM,10395.4524407382
FR,CA,39580.6079945109
FR,CV,2043.98376825377
FR,CF,8116.02169965718
FR,TD,1319.01600594257
FR,CL,4108.63158227773
FR,CN,12217.4274196768
FR,CO,3522.99344713745
FR,KM,3444.03782155301
FR,CG,10720.7324395834
FR,CI,8803.59840513683
FR,HR,2058.9712924849
FR,CZ,3378.03635798323
FR,CD,14126.497757605
FR,DK,3536.08008916554
FR,DO,1142.26618861168
FR,EC,1409.76854319559
FR,EG,4275.01148260952
FR,GQ,2181.57783368701
FR,FI,2841.06596482773
FR,GF,2715.67597166173
FR,PF,2650.8072902736
FR,GA,3251.57877846068
FR,DE,88790.3557697668
FR,GR,3016.90218172146
FR,GP,6598.56697349554
FR,GN,3944.11047281613
FR,HT,7960.88834346708
FR,HU,2896.83384889165
FR,IN,5222.78873178791
FR,IR,2520.32246585444
FR,IE,3270.58376020911
FR,IL,10510.9327519311
FR,IT,80115.2332244319
FR,JP,5817.46480980508
FR,KZ,7860.38753751404
FR,KW,1895.87342204402
FR,LA,3750.88589138016
FR,LB,5013.04540872574
FR,LU,16173.2517868196
FR,MG,16251.5621391729
FR,ML,8894.22787562058
FR,MQ,5416.58772268641
FR,MR,1523.54539131458
FR,MU,5177.36886690971
FR,YT,1475.25808665287
FR,MX,6572.77311806483
FR,MA,101327.1076119
FR,NL,15146.1630125812
FR,NC,8787.06058728978
FR,NZ,1653.36532696841
FR,NO,4594.84764638936
FR,PK,2525.72581308438
FR,PE,1695.77726034162
FR,PH,1880.22507479793
FR,PL,21400.1398124241
FR,PT,92513.5117301635
FR,KR,2912.36393468141
FR,RE,9688.3937426505
FR,RO,12300.3755085775
FR,RU,18221.404271839
FR,SN,13051.2834369435
FR,RS,11044.0015498611
FR,SK,2364.70202598546
FR,ZA,4656.03218143962
FR,ES,62922.220983463
FR,LK,4441.66244812134
FR,SR,1857.65436481617
FR,SE,4630.44552731106
FR,CH,68310.3467237166
FR,SY,1575.0338379405
FR,TH,2872.97808398408
FR,TG,2497.90074010869
FR,TN,46568.6531192005
FR,TR,80657.4375399459
FR,UA,7083.3402172855
FR,AE,7023.51629673488
FR,GB,62061.184918495
FR,US,58717.5230487371
FR,VE ,1934.71823668977
FR,VN,14824.4283039082
GF,BR,2450.76308259518
GF,FR,2738.72425034124
GF,GP,1158.87188063618
GF,HT,1857.31722021921
GF,SR,2209.98497121493
PF,FR,2662.64443296821
GA,BJ,3658.89634876836
GA,CM,3920.9093309104
GA,CG,2863.49600224521
GA,GQ,15962.266224181
GA,FR,8992.88647340351
GA,ML,7600.5310162244
GA,NG,1794.63997921989
GA,SN,2074.48312202941
GA,TG,1924.81978457929
GM,DE,2408.24157989486
GM,GN,5745.30237578792
GM,GW,1880.50193835267
GM,ML,1620.82263763893
GM,SN,14381.2359186516
GM,SL,1592.02703929518
GM,ES,4474.12217199289
GM,SE,2583.10477782542
GM,GB,5483.76430377833
GM,US,11444.955969913
GE,AM,28304.7534453959
GE,AT,1200.38606420782
GE,AZ,18386.3932667103
GE,BY,7882.35136403471
GE,BE,2594.93005111435
GE,CY,5080.8017003384
GE,FR,1477.60017578194
GE,DE,8182.23315841955
GE,GR,13818.5282311503
GE,IL,1618.05724318881
GE,IT,2785.62280054168
GE,KZ,12291.842042601
GE,KG,1022.64553731259
GE,RU,215379.572571151
GE,TR,2828.62774783156
GE,UA,43220.2695404721
GE,US,7630.60784693892
GE,UZ,1183.10140154007
DE,AF,8921.16606054734
DE,AL,1497.38843145421
DE,DZ,2616.51927955803
DE,AR,3209.63207462753
DE,AM,1694.96748769431
DE,AU,19476.0123465269
DE,AT,57831.5140256983
DE,AZ,2328.2195639378
DE,BY,6772.88851241015
DE,BE,10215.8994368273
DE,BA,16862.8538903475
DE,BR,9525.80706701699
DE,BG,11311.8350804971
DE,CM,1993.66690383189
DE,CA,27166.5189873866
DE,CL,3622.18496467218
DE,CN,10696.9317868725
DE,CO,2588.29526132378
DE,HR,25794.699173522
DE,CU,1551.12490908227
DE,CZ,63657.5337068041
DE,DK,7756.73108152095
DE,DO,1286.8520030054
DE,EC,1412.89309248202
DE,EG,3434.19333428278
DE,ER,1585.91685832429
DE,EE,1739.91709250512
DE,ET,1904.20450773561
DE,FI,3612.66473755305
DE,FR,45559.3742580788
DE,GE,2345.98134958598
DE,GH,2990.21218368797
DE,GR,35838.960056361
DE,HU,23371.4965490235
DE,IN,7036.75392615445
DE,ID,1914.52680625867
DE,IR,14863.6814010379
DE,IQ,10392.5697583991
DE,IE,3626.46732546655
DE,IL,5501.78282607617
DE,IT,76450.8644951642
DE,JP,4655.44759726113
DE,JO,1415.17683386947
DE,KZ,136115.116623376
DE,KE,1415.93246160221
DE,KG,9329.56133307
DE,LV,3640.68264132902
DE,LB,7871.26644151688
DE,LT,4801.65529001598
DE,LU,3627.6749545156
DE,MX,3192.38888939146
DE,MA,11284.798679121
DE,NA,1143.57094795885
DE,NL,30474.6349948926
DE,NZ,1988.67252945723
DE,NG,2431.16286319246
DE,NO,5284.16914868617
DE,PK,5478.56688059105
DE,PE,2207.52913231807
DE,PH,6169.36626198465
DE,PL,217452.79588638
DE,PT,11987.0295380486
DE,KR,3485.54662409412
DE,MD,2676.87150265784
DE,RO,54281.4907028882
DE,RU,190486.894664629
DE,SA,1079.57300372358
DE,RS,16062.3866195181
DE,SK,6120.16351126791
DE,SI,6390.70429698792
DE,ZA,6952.83178286819
DE,ES,36418.9285340051
DE,LK,4102.53275081469
DE,SE,9427.34616087122
DE,CH,55289.802817126
DE,SY,4773.07795072627
DE,TJ,3405.94559243718
DE,TH,7316.44630074805
DE,TG,1367.16410758338
DE,TN,4513.51230468951
DE,TR,242464.025529201
DE,TM,1244.87749578632
DE,UA,43826.3931411559
DE,GB,53116.727376657
DE,US,96854.4530623794
DE,UZ,7143.25596019144
DE,VE ,1638.97889911362
DE,VN,12455.7360983038
GH,AU,2189.33137807698
GH,AT,1084.39140836685
GH,BE,2295.07144140775
GH,BJ,4362.44310598426
GH,BF,8870.18225603545
GH,CA,8439.74261496702
GH,CI,8362.56184338788
GH,FI,1041.19191998317
GH,FR,2101.00596052529
GH,DE,13019.2503095476
GH,GN,1111.14963749771
GH,IT,15623.9634786108
GH,LR,3735.59816271677
GH,ML,2562.27459248431
GH,NL,4841.25585734842
GH,NG,49747.0330051772
GH,ZA,3376.09349575887
GH,ES,1570.25142781057
GH,SE,1251.62836682168
GH,CH,1198.16757817398
GH,TG,18518.4334143392
GH,GB,35541.4591283111
GH,US,55978.0611506046
GR,AL,46464.2000299473
GR,AM,2242.70719259363
GR,AU,21985.6528477553
GR,AT,3468.8170454277
GR,BY,1660.73386688778
GR,BE,6300.76205857414
GR,BG,13062.4416240772
GR,CA,19076.5491848325
GR,CY,10026.8612331321
GR,CZ,1534.44630075644
GR,DK,1300.3690747399
GR,EG,3617.32291054694
GR,FI,1291.63430125145
GR,FR,3413.91947335904
GR,GE,8134.62100908067
GR,DE,84336.2800984892
GR,IN,1178.22687686074
GR,IT,11618.5758926231
GR,KZ,12787.3492874136
GR,NL,7375.59368883921
GR,NO,2172.67574479296
GR,PK,3535.20398211721
GR,PH,1002.30247021133
GR,PL,2969.61613021714
GR,MD,1219.63916106055
GR,RO,6196.29958507613
GR,RU,23314.8948032727
GR,ZA,4863.24741860462
GR,ES,1330.45425102796
GR,SE,6818.18315217588
GR,CH,5460.70479401021
GR,MK,1389.63159494096
GR,TR,36899.2909027912
GR,UA,8757.94221527233
GR,GB,11796.7166410774
GR,US,26008.6592188466
GR,UZ,1179.7892026818
GD,CA,1894.27962936037
GD,TT,1658.17910285061
GD,GB,1550.78884465698
GD,US,3859.4290167649
GP,FR,6932.00081196855
GP,HT,1771.71978018527
GP,MQ,1958.44852001307
GP,US,1202.49319844853
GU,PH,3839.52628419736
GU,US,3697.58585030095
GT,BZ,6694.89382453854
GT,CA,3637.95475796859
GT,SV,2769.0602605095
GT,HN,1407.73849013202
GT,MX,25745.3531853587
GT,ES,1508.6265214143
GT,US,200237.328960695
GN,BE,9983.46504740722
GN,CA,2086.55621634514
GN,CI,14120.6214776619
GN,FR,11522.0646917861
GN,GM,6379.26680810056
GN,DE,2631.91607759425
GN,GW,2354.78903394375
GN,IT,1610.15147766678
GN,LR,11003.3643702097
GN,ML,7814.65111615466
GN,NL,1027.71173264269
GN,PT,1941.59069420629
GN,SN,9401.34668412451
GN,SL,16408.7103429176
GN,ES,1354.54794581446
GN,TG,1595.40982614153
GN,GB,1054.86957471824
GN,US,9480.22233229447
GW,CV,1861.41749608202
GW,FR,1025.27875223212
GW,GM,1723.52214748187
GW,GN,3009.6765517781
GW,PT,10498.2229925323
GW,SN,4531.74923871104
GY,BB,1350.70269838379
GY,CA,14751.4258459156
GY,SR,3165.71205010895
GY,TT,1763.77003036337
GY,GB,3487.3694041435
GY,US,35218.2635528086
HT,BS,8653.34720847503
HT,CA,22696.4935279342
HT,DO,68087.5303783917
HT,FR,14000.2343173375
HT,GF,4026.40619333954
HT,GP,1652.47971158241
HT,US,151426.237595168
HN,BZ,2426.42104794816
HN,CA,1473.23486413415
HN,SV,2129.76260995309
HN,GT,2528.28360596559
HN,MX,6285.45742039654
HN,NI,1927.6429103054
HN,ES,11526.6398157187
HN,US,120043.618455089
HU,AU,2851.07638812154
HU,AT,11027.7152994849
HU,BE,2452.25405839749
HU,CA,6800.37934503114
HU,CN,1206.07275541239
HU,DK,1395.2353843187
HU,FI,1225.2202425883
HU,FR,1788.00662939633
HU,DE,40806.344601544
HU,IE,1052.65990094293
HU,IL,1758.45915705091
HU,IT,3254.97022444615
HU,NL,4588.65108003642
HU,NO,1885.42450068244
HU,RO,20918.951225182
HU,RU,5851.09591015886
HU,RS,2961.06889776405
HU,SK,7744.55550418104
HU,ES,2303.46653582953
HU,SE,2442.22476057198
HU,CH,4135.39007742148
HU,UA,3992.85188801263
HU,GB,8538.28091697927
HU,US,10265.7368630143
IS,DK,1328.64115553962
IS,NO,3778.69067485064
IS,PL,1313.1900811178
IS,SE,1320.95245751969
IN,AF,15716.484040856
IN,AU,164605.614712125
IN,AT,6792.02461159253
IN,BH,68884.7760578915
IN,BD,354106.74376642
IN,BE,6066.80483631058
IN,BT,5556.04839317639
IN,BW,4663.70414107441
IN,BN,3757.17607073575
IN,CA,250634.278513347
IN,CN,4148.31899160949
IN,HK,5491.20090851869
IN,CY,1426.77338706341
IN,CZ,1196.97115124005
IN,DK,4820.26609925011
IN,FI,4369.83548347199
IN,FR,17079.6330638644
IN,DE,34268.508969847
IN,GR,3583.41780276837
IN,ID,2391.64197668595
IN,IE,6311.75045840718
IN,IL,6205.39124510309
IN,IT,53387.4911270432
IN,JP,10608.5625833801
IN,KW,357354.613387082
IN,MY,47473.3898683719
IN,MV,2543.83984940461
IN,MU,4000.76388478095
IN,MZ,1008.06824438418
IN,MM,9385.2492083518
IN,NP,122616.734291606
IN,NL,11835.442571347
IN,NZ,32412.1966523553
IN,NO,7188.90430491485
IN,OM,475712.539912536
IN,PK,541905.621844657
IN,PA,1964.57222447236
IN,PH,3197.3634994738
IN,PT,3145.02158231918
IN,QA,218974.715443998
IN,KR,4752.62680130944
IN,RU,4375.760121899
IN,SA,427399.125704919
IN,SC,1721.08255000853
IN,SG,64306.4654269288
IN,ZA,22872.2176106398
IN,ES,8187.64897639445
IN,LK,18761.154986967
IN,SE,11047.9280057081
IN,CH,9338.02530431602
IN,TH,1250.92073834324
IN,UA,2566.87884147556
IN,AE,832099.34419624
IN,GB,311493.738019695
IN,US,858048.820596127
IN,VN,1082.40089822651
IN,ZM,2607.96995219549
ID,AU,38767.3553767738
ID,BH,2867.68787056464
ID,BD,18726.8489738881
ID,BN,1618.94208347048
ID,CA,7869.93535596027
ID,CN,23156.0444594996
ID,HK,42109.7432290439
ID,EG,1307.0543138805
ID,FR,1909.26062767741
ID,DE,10260.7705744705
ID,IN,1489.92564016191
ID,IT,1355.28647967705
ID,JP,18982.1279473474
ID,JO,2818.0687906162
ID,KW,23011.6741144018
ID,LY,1456.47798581991
ID,MY,365638.417543508
ID,NL,40639.9371943272
ID,NZ,2110.51636193596
ID,OM,53285.5562872945
ID,PK,1024.84862594363
ID,PG,1776.24614250547
ID,PH,1520.78403550055
ID,QA,5870.71262476615
ID,KR,21083.4724088319
ID,SA,315471.920417035
ID,SG,68765.0843470956
ID,ZA,1118.19556155164
ID,SE,1079.12026305038
ID,CH,1950.83576322887
ID,TH,2514.34566206658
ID,TL,1817.92708866859
ID,AE,33020.0641071098
ID,GB,8383.12129889473
ID,US,41383.7025311218
ID,VN,3954.56781055838
IR,AF,271725.608060823
IR,AM,6410.18115866444
IR,AU,21782.5375381156
IR,AT,6802.90883536825
IR,AZ,2322.23699373122
IR,BE,3762.28714895743
IR,CA,46218.4444988252
IR,DK,5933.63143895567
IR,FI,4568.71659651237
IR,FR,6407.49694312456
IR,DE,59715.6691167285
IR,IQ,11035.8814151062
IR,IL,13506.4059014893
IR,IT,4641.59281165066
IR,NL,11603.8560470615
IR,NZ,1032.26391980626
IR,NO,7380.5432769622
IR,PK,18944.1148840606
IR,RU,5977.81649877388
IR,SA,5751.8560946453
IR,ES,1978.44169694849
IR,SE,25983.5097024723
IR,CH,3953.61506639982
IR,TR,10111.650632302
IR,TM,2085.07111787228
IR,UA,1749.58107151301
IR,GB,31095.0528532414
IR,US,129450.799521929
IQ,DZ,1975.63839672173
IQ,AU,9259.65650521452
IQ,AT,1189.73157206132
IQ,BE,1410.78838853867
IQ,CA,8698.83498097112
IQ,DK,3402.02311919024
IQ,EG,3875.43538168993
IQ,FI,1958.75235087965
IQ,FR,1051.1278111479
IQ,DE,18694.0632510864
IQ,IR,14070.0336358523
IQ,IL,9784.52152157711
IQ,JO,10746.4312836661
IQ,KW,1255.33895258378
IQ,LB,18786.5879161774
IQ,LY,6846.65804281395
IQ,NL,6117.77739694337
IQ,NO,3332.33532641218
IQ,OM,1952.57211165952
IQ,SA,1045.07619701056
IQ,PS,1214.60702358853
IQ,SE,19419.198407891
IQ,CH,1249.57879747611
IQ,SY,39883.2705242355
IQ,TR,13542.2676088646
IQ,GB,11911.7010950524
IQ,US,27525.6595951754
IQ,YE,1548.13353130997
IE,AU,41216.0764087051
IE,AT,1309.71723532195
IE,BE,2933.53739107462
IE,BR,1358.22543497909
IE,CA,9613.18541221663
IE,CN,1507.88098313605
IE,CZ,1971.49217409213
IE,DK,1066.46770744445
IE,FI,1232.79570451504
IE,FR,3472.84583448915
IE,DE,14775.6211690254
IE,HU,1567.23850972757
IE,IN,2201.50623323576
IE,IT,2075.14756386866
IE,KZ,1214.08713307372
IE,LV,2635.37184193573
IE,LT,4067.23496628753
IE,NL,4196.93077567776
IE,NZ,2992.52598573799
IE,NG,2187.82370590931
IE,NO,3326.06959642381
IE,PK,1027.30069518076
IE,PH,1820.81627750063
IE,PL,17823.8218594173
IE,RO,2390.92342119619
IE,RU,4096.97847520107
IE,SK,2301.28745266794
IE,ZA,6450.89024027711
IE,ES,4019.30601086722
IE,SE,1629.0510665402
IE,CH,1860.6772085704
IE,UA,1697.92820744675
IE,GB,151878.907822237
IE,US,31428.2078663993
IL,DZ,5338.73379090748
IL,AR,4497.34928047765
IL,AU,3502.73248644201
IL,AT,2177.24310526885
IL,AZ,1686.37313897815
IL,BY,6869.18867193702
IL,BE,1961.60781650365
IL,BR,1817.98113409095
IL,BG,2220.45065169291
IL,CA,8127.79436655489
IL,EG,2621.04782749468
IL,ET,7869.36850512875
IL,FR,7637.79518324163
IL,DE,12648.1694213606
IL,HU,2242.23234650368
IL,IN,2073.02903933039
IL,IR,6000.7311558092
IL,IQ,6796.60052919325
IL,IT,2700.39681255195
IL,KZ,11961.0680759929
IL,LY,1360.917499283
IL,MA,17610.9835458115
IL,NL,2797.0920699154
IL,NO,1372.9509150104
IL,PL,7364.31293893722
IL,MD,1322.63061370121
IL,RO,12303.7679593589
IL,RU,51070.2985937961
IL,ZA,3307.86826483645
IL,ES,1725.39065183903
IL,PS,11630.9345706432
IL,SE,1164.29197023571
IL,CH,2246.79240453365
IL,TN,2755.91502463605
IL,TR,10080.9092329609
IL,UA,30157.8357367869
IL,GB,7580.48058440528
IL,US,35573.0962739306
IL,UZ,3052.04216826118
IL,YE,3241.66283169373
IT,AL,39396.7044798578
IT,DZ,2724.3682843538
IT,AR,25376.5421034432
IT,AU,28216.1220519786
IT,AT,11999.921845725
IT,BD,8948.3285933591
IT,BY,7092.81909554623
IT,BE,31342.8975700996
IT,BO,1839.33721878134
IT,BA,1058.04990850622
IT,BR,21615.8910358133
IT,BG,7926.09065132968
IT,BF,1160.55008019789
IT,CM,1299.62411821514
IT,CA,53926.568603164
IT,CL,3567.54529236832
IT,CN,22699.6894368784
IT,CO,4891.08651746927
IT,CI,2604.95556615506
IT,HR,3551.18068768239
IT,CU,3798.28447264908
IT,CZ,3376.37361915461
IT,DK,2605.81769397579
IT,DO,5007.5768404389
IT,EC,10616.3217738725
IT,EG,12807.4701094096
IT,SV,1204.25972151713
IT,ER,1599.39783825446
IT,ET,3048.14203705094
IT,FI,2863.01934234066
IT,FR,65323.925452964
IT,GE,1178.9529585947
IT,DE,136121.462017539
IT,GH,5018.4920296829
IT,GR,9383.92574934435
IT,HU,4240.88601879695
IT,IN,14874.7139829904
IT,IR,1659.20582866206
IT,IE,1541.35370546793
IT,IL,2180.29926667121
IT,JP,1965.53790476618
IT,KZ,8466.19559361418
IT,LY,3330.1341214222
IT,LU,6553.08592013608
IT,MU,1059.20970346181
IT,MX,1712.82439749732
IT,MA,45187.8054478845
IT,NL,8890.22563230068
IT,NG,5489.99625232384
IT,NO,3358.81656646823
IT,PK,9129.16937571373
IT,PE,13077.467590077
IT,PH,16068.3601787132
IT,PL,16297.5965356946
IT,PT,1559.75074548896
IT,MD,18818.0167711335
IT,RO,123007.63638112
IT,RU,53993.5796973575
IT,SN,8403.86431347261
IT,RS,5995.58706362177
IT,SK,2762.38712605235
IT,SI,1481.3493362805
IT,ZA,8265.32234517699
IT,ES,25254.124044914
IT,LK,8525.05352279297
IT,SE,4406.75517353458
IT,CH,88388.8669596087
IT,MK,8593.9876765864
IT,TH,1070.70714728425
IT,TN,12858.9836737556
IT,TR,9828.65361426148
IT,UA,37785.2283783763
IT,GB,34456.7864996635
IT,US,58279.3620053145
IT,UY,1958.31248002605
IT,VE ,11678.7311073622
JM,BS,1892.16535438769
JM,CA,24144.2934475645
JM,GB,28953.6023000699
JM,US,126927.929915893
JP,AR,1058.67470293315
JP,AU,8042.48094426938
JP,BD,2344.75120470157
JP,BR,33326.7038265213
JP,CA,6155.31298262154
JP,CN,76709.1218990306
JP,HK,1870.68018662386
JP,FR,3858.12086227783
JP,DE,5848.30219551665
JP,IN,2437.82036101926
JP,ID,4601.0164882718
JP,IT,2084.0159993123
JP,MY,2920.05704197543
JP,NL,1052.89339864408
JP,NZ,1718.09000078104
JP,PK,1070.68396968339
JP,PE,6185.94025712358
JP,PH,24148.0339034049
JP,PT,1145.13554789709
JP,KR,65826.8696486127
JP,RU,1131.2716599413
JP,ES,1030.1337960934
JP,CH,1689.83094438833
JP,TH,4748.64198483594
JP,GB,7028.39841992426
JP,US,51844.4042699882
JP,VN,5077.33857287011
JO,DZ,4471.22955638408
JO,AU,16346.8476581779
JO,AT,1954.03855554922
JO,BH,2029.42136986668
JO,BD,2720.07504135106
JO,BE,3761.08582662281
JO,CA,16776.4550054638
JO,CN,2907.64311081441
JO,HK,1374.86747999735
JO,DK,4242.57734598007
JO,EG,25323.1879679494
JO,FI,3783.37020116666
JO,FR,2660.01662248179
JO,DE,30362.752474288
JO,IN,3925.57820995856
JO,ID,3970.55354155269
JO,IR,7555.17106195683
JO,IQ,197716.503197733
JO,IL,9819.87562336457
JO,IT,3091.30232445156
JO,JP,1289.25772682292
JO,KW,12036.9630819903
JO,LB,31654.1448006602
JO,LY,8223.28475070912
JO,MY,3620.93689534143
JO,MX,1232.90676490741
JO,NL,6871.83258171173
JO,NZ,1155.72955831056
JO,NO,4259.54539055258
JO,OM,16760.638626047
JO,PK,1138.42299993722
JO,PH,1156.71779963418
JO,QA,8587.54307145293
JO,KR,2215.00912127165
JO,RU,1831.43715715922
JO,SA,29394.9074440065
JO,SG,1681.64135226375
JO,SS,2196.511357025
JO,ES,1009.26515467387
JO,LK,3005.64547308924
JO,PS,136108.371598205
JO,SE,23753.1794262697
JO,CH,2902.08482108989
JO,SY,24789.437033771
JO,TR,11320.7280034158
JO,UA,2260.96613089147
JO,AE,23977.7130028818
JO,GB,18620.8738116355
JO,US,68354.8373863244
JO,YE,1136.84163558986
KZ,AM,1288.17923929765
KZ,AZ,5463.40192918461
KZ,BY,20803.1012993316
KZ,CA,1242.73177498326
KZ,CZ,1991.039607874
KZ,KP,6734.50046954395
KZ,GE,1418.15111885922
KZ,DE,121307.259193393
KZ,GR,3308.76528165698
KZ,IL,1580.53707527104
KZ,KG,2193.19649958729
KZ,LV,1015.48257942784
KZ,PL,3719.32708149012
KZ,KR,3835.72804634814
KZ,MD,1865.68209728418
KZ,RU,681996.364264596
KZ,TJ,2146.26197144241
KZ,TR,6035.90747341922
KZ,TM,2124.40313516967
KZ,UA,80279.5567733779
KZ,US,10353.5220585629
KZ,UZ,33535.518895738
KE,AU,9131.0600472823
KE,CA,14024.5045770084
KE,ET,9264.41628710394
KE,FI,1286.07735060021
KE,DE,8806.07759362498
KE,IT,1832.35908610754
KE,NL,1751.49470903669
KE,NO,1338.69340759518
KE,RW,1298.95415416118
KE,SO,41803.12010201
KE,ZA,11321.9663667793
KE,SS,21015.0304153701
KE,SD,2011.65139754881
KE,SE,2721.0872897697
KE,CH,1972.60001196544
KE,UG,44723.1379750741
KE,GB,74318.3805850582
KE,TZ,8092.75049548065
KE,US,60508.3219717954
KE,YE,1201.15664779893
KI,NZ,1143.50063925765
KW,DZ,1739.72043253763
KW,AU,6351.41218285099
KW,BH,3663.84814121681
KW,BD,31142.3541535934
KW,CA,13322.6897509894
KW,TD,1244.86795317002
KW,DK,1281.33840268736
KW,EG,27501.6895348651
KW,ET,1316.83565470279
KW,FR,1068.14825382781
KW,IN,98974.5631409939
KW,ID,10402.2272739291
KW,JO,7501.38174849055
KW,LB,1642.7851876338
KW,LY,2387.00512779703
KW,NL,1130.04833480798
KW,OM,1156.2422137173
KW,PK,31800.4648947141
KW,PH,16487.4337078808
KW,QA,3643.76154232454
KW,SA,1708.98486697963
KW,SS,6130.65063262116
KW,LK,4047.82159601551
KW,PS,15759.7823497013
KW,SD,6100.3427630417
KW,SE,2284.35018068121
KW,SY,1914.36166564945
KW,TR,6324.37363439768
KW,AE,43344.7594127809
KW,GB,13588.2490939149
KW,US,24102.5427313396
KW,YE,6412.88378398854
KG,AZ,1008.91906605633
KG,BY,4502.41665801624
KG,DE,12039.105418111
KG,KZ,9059.19726859074
KG,KR,1287.95485372436
KG,RU,159225.360000187
KG,TJ,1596.70728602829
KG,UA,17765.9679149752
KG,UZ,2087.08417157194
LA,AU,3626.59036333617
LA,BD,8604.49270873209
LA,CA,5272.4577819848
LA,FR,11985.8602252943
LA,DE,1540.48141979811
LA,TH,150395.761614256
LA,US,57656.6501839536
LA,VN,4262.49942534053
LV,BY,12838.9655990861
LV,DK,1485.0898745214
LV,EE,1234.16689275628
LV,FI,1238.08038895554
LV,DE,5416.31891764821
LV,IE,2323.30539060733
LV,KZ,10689.3270997233
LV,LT,2434.65861328093
LV,NL,1938.10723441679
LV,NO,5159.80420477434
LV,RU,52633.1633828321
LV,SE,1691.95721108162
LV,UA,22677.7845081676
LV,GB,6888.08037045137
LV,US,2809.83035213609
LB,AU,9676.90903016018
LB,BR,1545.9430438766
LB,CA,9485.49271690356
LB,DK,1387.67441878658
LB,EG,13037.0301910833
LB,FR,4691.01942605699
LB,DE,9175.35294259222
LB,IQ,14699.9445830059
LB,JO,19703.7753144589
LB,KW,1607.34627225813
LB,LY,2587.91679171915
LB,SA,10862.8768384598
LB,PS,34774.1185367696
LB,SE,2836.52863827482
LB,SY,4479.36707297772
LB,AE,5583.86337174198
LB,GB,1848.6015491911
LB,US,13109.230867917
LS,ZA,51987.8715009008
LR,AU,1397.24964858803
LR,CA,1031.61581082155
LR,CI,13725.0635374465
LR,DE,1078.89828086769
LR,GH,9868.4299052962
LR,GN,12228.0620651994
LR,NG,5399.60457114712
LR,SL,2378.06330301618
LR,GB,1771.25482564626
LR,US,28590.0215949076
LY,DZ,5555.66000656467
LY,AU,8044.03610666725
LY,AT,1985.20549015831
LY,BE,2025.38511317632
LY,CA,13645.2421902023
LY,TD,2463.91344674949
LY,CI,2722.03044284741
LY,DK,1256.56173378271
LY,EG,17927.100004809
LY,ET,5768.5007013697
LY,FI,1900.95732953144
LY,FR,7956.38889176153
LY,DE,14933.841606653
LY,GR,1217.13099949504
LY,ID,3656.54409254728
LY,IQ,16570.1331377817
LY,IL,17604.5391593459
LY,IT,40366.2896434696
LY,JP,1050.60726755502
LY,JO,146492.753213339
LY,KZ,3136.12995870792
LY,KE,5664.19916966467
LY,KW,6592.74293820662
LY,LB,16684.2756039979
LY,MY,2713.37692879315
LY,MT,1132.11816241744
LY,MX,2064.49730285918
LY,MA,2075.14293808263
LY,NL,3611.60786243195
LY,NO,3034.20344824714
LY,OM,4841.73190829819
LY,QA,2436.13767514819
LY,RU,4695.74806828359
LY,SA,11226.4526107216
LY,SG,3234.43057787978
LY,SO,12169.7952714651
LY,ZA,5643.97940263984
LY,SS,6613.28426195311
LY,ES,1491.5497307706
LY,PS,25982.6745969764
LY,SD,3773.01881881456
LY,SE,8493.76614955676
LY,CH,4360.34250832225
LY,SY,7665.337421665
LY,TN,10593.4646269306
LY,TR,15008.1935292298
LY,UG,1220.51619021276
LY,UA,3357.4650807286
LY,AE,3598.71113027501
LY,GB,26204.7786951175
LY,US,32698.6924955674
LY,YE,7689.79438340936
LT,BY,16774.2615063347
LT,BE,1449.80662736578
LT,CA,1489.94705104654
LT,DK,4780.09844568077
LT,FI,1035.44373682941
LT,DE,16287.4025322911
LT,IE,5687.41217791599
LT,IT,1275.19399622805
LT,KZ,10254.6721730361
LT,LV,3877.40286030232
LT,NL,3176.13825497581
LT,NO,27819.724895568
LT,PL,14415.5918120902
LT,RU,51163.3398124841
LT,ES,1942.57262869511
LT,SE,5136.65451696607
LT,UA,23692.7064832611
LT,GB,27003.906947682
LT,US,6769.88734789973
LU,BE,3461.66163302334
LU,FR,7802.50879488028
LU,DE,11227.6496508317
LU,IT,3580.31697116782
LU,PT,8150.86731250304
LU,CH,1357.21594632989
LU,GB,1443.02245270986
LU,US,1024.97097685798
MG,KM,2150.48210146152
MG,FR,23069.7636036457
MG,RE,1947.29030978662
MW,BW,1440.49512176977
MW,MZ,23659.9363141004
MW,ZA,33218.2857655933
MW,GB,3945.14760877133
MW,TZ,1711.83411921949
MW,ZM,6695.60235392377
MW,ZW,21443.2567797405
MY,AU,35388.0649817909
MY,BD,58182.4735742137
MY,BN,6280.53938777223
MY,KH,1573.25827307399
MY,CA,5257.02571826298
MY,CN,2243.84433508528
MY,HK,2073.25038269752
MY,DE,1689.35762238019
MY,IN,17312.2361110118
MY,ID,115220.615854277
MY,JP,4455.05992538363
MY,MM,25936.3574306319
MY,NP,21211.8461697903
MY,NZ,3338.43105520203
MY,PK,2981.94494783537
MY,PH,2577.09082532784
MY,KR,1089.34998088166
MY,SA,1355.41725359951
MY,SG,212967.691266968
MY,TH,2096.95752568922
MY,GB,15780.4709655985
MY,US,12491.2978038156
MY,VN,10797.3867122918
MV,BD,5225.79882093527
MV,IN,3192.90730864494
MV,LK,1619.15198558262
ML,BJ,1159.95316370098
ML,BF,13983.0592074048
ML,CM,2988.31738457961
ML,CA,1381.64349280296
ML,CG,23510.5325973226
ML,CI,98936.3343321573
ML,CD,1598.06284217512
ML,FR,41855.3736054791
ML,GA,16996.5605561024
ML,GM,3205.99893166077
ML,DE,1557.86620803585
ML,GH,4814.01519363564
ML,GN,26152.2301059588
ML,IT,2636.20620946733
ML,MR,46400.401960947
ML,NE,52406.6800501115
ML,NG,61704.8010270003
ML,SN,9756.40247035842
ML,SL,1816.5268516107
ML,ES,3554.53806138553
ML,TG,4061.81258488472
ML,GB,1013.56187162184
ML,US,1230.26003015885
MT,AU,5413.6085035552
MT,CA,1774.88416550289
MT,GB,6941.94097627054
MT,US,1002.43432366509
MQ,FR,5943.88104404575
MQ,GP,2407.30426936117
MR,BE,1905.06124176159
MR,CG,2717.97985287074
MR,CI,3756.9756892907
MR,FR,15190.1439301308
MR,GM,2204.74932973631
MR,GN,1691.24943793941
MR,IT,2549.77544039465
MR,ML,9083.02616275028
MR,MA,1338.87455795991
MR,SN,28703.4041486487
MR,ES,4045.23292923973
MR,US,1503.34854290704
MU,AU,3796.54277727588
MU,CA,2721.0036614067
MU,FR,6091.25928380995
MU,IT,1544.34669599137
MU,ZA,2895.24454310238
MU,GB,8062.75641762773
YT,KM,6321.36350716419
YT,FR,2058.6916615747
YT,RE,1313.54121250756
MX,AR,1815.84226351268
MX,AU,1954.36163640758
MX,BZ,1285.99874729925
MX,BO,1752.29603329696
MX,BR,1414.93945692904
MX,CA,21579.3037169871
MX,CL,1619.43433528533
MX,CO,2079.77421977288
MX,CU,1441.63893303185
MX,EC,1032.11377000434
MX,SV,1118.73348879166
MX,FR,3082.64159448769
MX,DE,6420.45307144619
MX,GT,8641.75864204119
MX,HN,1379.97747524592
MX,IT,2353.95161633818
MX,JP,1004.41531065208
MX,NL,1460.8770541042
MX,PA,1474.38670690383
MX,ES,8159.87470710999
MX,CH,2180.87610368766
MX,GB,2694.68712170645
MX,US,2.16016761781904e6
MX,VE ,1807.98881407815
FM,GU,4779.33753042673
FM,US,4620.45661286609
MN,CN,1069.71795594148
MN,CZ,1420.74632534801
MN,KR,3275.19381242877
MN,RU,11066.138012069
MN,SE,1852.48354596002
ME,AT,4836.71642216873
ME,BA,3437.47356947579
ME,HR,2738.02528128589
ME,LU,2233.29073105894
ME,RS,10508.944912484
ME,MK,2542.86646291623
MA,DZ,1266.50020454981
MA,BE,27448.8747813864
MA,CA,18348.6030887581
MA,DK,1642.79704917939
MA,FI,1272.95058955944
MA,FR,222410.319136977
MA,DE,41668.7137060706
MA,IL,35380.3535940766
MA,IT,114039.125795159
MA,NL,41559.4850225234
MA,NO,1776.10968872014
MA,ES,84633.4153679792
MA,SE,3401.70605536759
MA,CH,6302.90428977311
MA,TN,2504.41939398646
MA,GB,6708.71098567205
MA,US,17689.7765913439
MZ,LS,1007.74970294352
MZ,MW,16014.623317532
MZ,PT,12148.3611434786
MZ,ZA,89513.7182097466
MZ,SZ,2602.24110908395
MZ,GB,1084.32171936282
MZ,TZ,2253.56062814032
MZ,ZM,1296.28771572152
MZ,ZW,14563.5239675721
MM,AU,13537.4434238045
MM,BD,23202.1887606535
MM,CA,4045.96270999612
MM,CN,4654.32292091557
MM,DK,1090.51371489916
MM,FI,1022.02298806627
MM,DE,1193.65039005739
MM,IN,11191.4215812577
MM,MY,87039.9981661326
MM,NZ,1267.95957541402
MM,NO,1640.70461923482
MM,KR,10323.4986891886
MM,SA,49817.5370727966
MM,TH,482103.680966643
MM,GB,5438.93104869103
MM,US,65334.8300728589
MM,VN,5596.22478904475
NA,AO,4163.11440817202
NA,ZA,33628.9332883607
NA,ZM,1083.53966233504
NA,ZW,1455.57426573867
NP,AU,17336.1377580304
NP,BH,1884.65465992943
NP,BD,4445.63933455689
NP,BE,2575.98273612044
NP,BT,24352.2348964653
NP,BN,1305.86134065896
NP,CA,5527.11810855079
NP,CN,2765.29863705491
NP,HK,2967.45357694045
NP,DK,1685.6891884378
NP,FI,2161.27619105689
NP,DE,1920.39260512317
NP,IN,130888.683283858
NP,KW,19351.9970732808
NP,MY,66912.5745642306
NP,NL,1026.98216700213
NP,NO,1416.91445368262
NP,QA,100102.795653251
NP,KR,8390.60071143054
NP,SA,100413.856964396
NP,ES,1280.16084018212
NP,AE,22086.54609257
NP,GB,21646.2469005588
NP,US,46557.177306987
NP,VN,1116.95938567825
NL,AF,3124.46227239587
NL,AO,2163.52799049551
NL,AW,1447.14093192057
NL,AU,15202.7607785803
NL,AT,10983.2756885766
NL,BE,50734.0378297506
NL,BR,2840.0942055263
NL,BG,2672.36040114601
NL,CA,26856.0961135752
NL,CV,1107.46114055343
NL,CN,6189.76188888502
NL,CO,1589.6185809975
NL,HR,1199.01220497359
NL,CW,7582.09633340381
NL,CZ,1610.68109698246
NL,DK,2404.25389614419
NL,EG,1613.71791631283
NL,FI,1536.83574799226
NL,FR,12171.2084444633
NL,DE,61445.0273388609
NL,GH,1491.88482114705
NL,GR,1674.2717619494
NL,HU,5040.66019171663
NL,IN,1941.17607587844
NL,ID,15969.7890289117
NL,IR,3203.60727792386
NL,IQ,4130.76672497608
NL,IE,1203.96256987635
NL,IL,1558.14586909048
NL,IT,5862.92747815177
NL,JP,1147.26157697479
NL,KZ,2727.26239691163
NL,LU,2040.91521527224
NL,MX,1116.76893339725
NL,MA,18240.8391956246
NL,NZ,2995.93853671701
NL,NO,3284.85057525449
NL,PK,1430.08205021034
NL,PH,1282.48753300177
NL,PL,7874.73117916211
NL,PT,2799.83039957871
NL,RO,1428.89295998058
NL,RU,6540.96497156501
NL,RS,6160.14293560145
NL,SI,1628.46658928073
NL,SO,1760.186994804
NL,ZA,9664.93034203254
NL,ES,8447.52992378158
NL,SR,15967.1835345335
NL,SE,4271.45204074639
NL,CH,16411.551887807
NL,TH,1343.99633327137
NL,TR,61107.7140676695
NL,GB,21097.3423927748
NL,US,17908.9936364553
NL,VN,1509.43083833995
NC,FR,4243.82716768106
NZ,AU,188051.177577926
NZ,CA,4670.67724678084
NZ,CN,10069.4544088771
NZ,HK,1029.52657930089
NZ,FJ,4610.53076666286
NZ,DE,2921.1641664507
NZ,IN,6278.94893467173
NZ,IE,1247.54035749955
NZ,JP,2235.29423425423
NZ,MY,2151.58249314404
NZ,NL,3283.79556472257
NZ,PH,3166.47645669601
NZ,KR,3659.38997050054
NZ,WS,4166.66301492789
NZ,SG,1485.53986820048
NZ,ZA,7183.16232750448
NZ,CH,1002.56106692908
NZ,TO,1673.98084552176
NZ,GB,43357.549046757
NZ,US,10729.9145978121
NI,CA,3761.03904584663
NI,CR,73281.3082367645
NI,SV,2623.95553948489
NI,GT,3856.47528234907
NI,HN,3433.83814208177
NI,MX,3271.1058899937
NI,PA,5372.80006265293
NI,ES,9358.7117355307
NI,US,91562.4274265459
NE,BE,1106.87702105589
NE,BJ,31915.1495477964
NE,BF,4617.41398708211
NE,CM,2260.1840950474
NE,TD,1942.50246749408
NE,CI,10784.2805346466
NE,FR,2601.76619637706
NE,GH,2864.12116600527
NE,GN,1849.03472503969
NE,ML,5545.05945443288
NE,NG,38379.6445290202
NE,TG,23245.4624001913
NG,AU,4143.39918925191
NG,AT,5464.09213301708
NG,BH,1143.44102363991
NG,BE,3035.91407420726
NG,BJ,54895.0940400263
NG,BF,1523.59675018719
NG,CM,32941.1187832921
NG,CA,19244.9628589831
NG,TD,5201.6960642276
NG,CI,11675.3247935681
NG,FI,2123.87791795932
NG,FR,3200.54198010528
NG,GA,6013.80601517424
NG,DE,17295.5807884856
NG,GH,55743.2843452475
NG,GR,1404.38901675632
NG,GN,1574.56288848755
NG,HU,1052.28577184222
NG,IE,10508.362816734
NG,IT,30935.3646761809
NG,JP,1338.9545886598
NG,KW,3221.25878022276
NG,LR,3788.67683113475
NG,ML,16903.3165940082
NG,NL,4078.87248747663
NG,NE,15891.1928864213
NG,NO,1389.02360555162
NG,QA,2807.19668911475
NG,SL,1134.74723460636
NG,ZA,11824.584576148
NG,SS,2936.12962329562
NG,ES,9603.23906457041
NG,SD,6232.35524325806
NG,SE,3197.50650856126
NG,CH,2221.79350552545
NG,TG,28046.408990335
NG,AE,13354.2573817705
NG,GB,118642.889198833
NG,US,139310.408607547
NO,AU,1491.19625395368
NO,BD,1564.22118839317
NO,BA,1211.44671555764
NO,CA,1528.2622512709
NO,CN,1040.04080723979
NO,DK,6876.63513624266
NO,FI,1629.69205455743
NO,FR,1290.08513118377
NO,DE,6223.57209461429
NO,IR,1571.77442925621
NO,IQ,2054.58724794214
NO,LT,1113.59740461098
NO,NL,1427.3386022981
NO,PK,1941.83711162873
NO,PH,1606.11903372903
NO,PL,6307.0608841265
NO,RU,2152.8054399888
NO,SO,1584.05496300689
NO,ES,2835.74905228617
NO,SE,11068.8826043666
NO,CH,1023.65756250927
NO,TH,1430.80525894317
NO,TR,3341.35554846229
NO,GB,5641.15024616406
NO,US,7326.76455749629
NO,VN,1591.1702336739
OM,BD,10208.4170121699
OM,EG,3489.92057566299
OM,IN,51602.3271815252
OM,ID,2736.09924435644
OM,PK,9451.07829383404
OM,PH,1839.93640234012
OM,LK,1026.14437251409
OM,PS,1248.13620053041
OM,GB,1006.28649348353
PK,AF,628473.995249056
PK,AU,27339.9003520314
PK,AT,4086.45125888153
PK,BH,9067.76611442991
PK,BE,11430.9389843497
PK,CA,65030.7422904883
PK,CN,1286.17728062635
PK,HK,1776.13737628381
PK,DK,8119.85989773317
PK,FI,3823.06603378636
PK,FR,7221.57637894959
PK,DE,43309.2174593645
PK,GR,8707.7585510618
PK,IN,377462.979298553
PK,ID,1205.07758932761
PK,IR,22736.7334674318
PK,IE,2327.8632227779
PK,IT,27335.3274341264
PK,JP,4634.79534314733
PK,KW,62473.3125322477
PK,MY,7122.26870706418
PK,NL,9307.92727140066
PK,NZ,1421.62750279247
PK,NO,11455.4453136302
PK,OM,203559.60093455
PK,QA,17201.3057689775
PK,KR,6290.66212692014
PK,RU,1959.26944864976
PK,SA,215480.578682854
PK,SG,41802.7800015812
PK,ZA,4716.13550569752
PK,ES,11574.3566294932
PK,SE,17310.2975178198
PK,CH,2846.08869578383
PK,TR,5780.79632317931
PK,AE,104401.157089368
PK,GB,183936.607921588
PK,US,123324.757752936
PA,CN,1884.02392530759
PA,CO,5945.95313339516
PA,CR,2231.66999230041
PA,NI,1174.64460711966
PA,US,22527.9194102757
PA,VE ,1228.51591521439
PG,AU,1443.83758937407
PY,AR,141543.293024211
PY,BO,1116.42154262743
PY,BR,23816.6350290062
PY,CA,2687.31500700797
PY,CL,1365.24088065955
PY,DE,2431.48551087856
PY,IT,1052.85416012151
PY,ES,7185.47679120307
PY,US,6405.81845412872
PE,AR,44976.3451436457
PE,AU,3296.92406282886
PE,BO,3412.79777085253
PE,BR,6761.04601145376
PE,CA,9378.27705740433
PE,CL,76184.8648573855
PE,CN,3919.52938902773
PE,CO,2043.14899956615
PE,EC,6209.86651216332
PE,FR,3218.47216330346
PE,DE,7639.16242343882
PE,IT,33456.7353854713
PE,JP,13087.8462227564
PE,MX,4642.20831257479
PE,NL,1370.65174090946
PE,PA,1529.74517623364
PE,ES,23605.5895601722
PE,SE,2468.55901800736
PE,CH,3908.96508531239
PE,GB,2527.72122499339
PE,US,132131.682177224
PE,VE ,11000.0318465333
PH,AU,67597.6971489273
PH,AT,5048.96869381074
PH,BH,5478.52142202436
PH,BE,1689.14465384569
PH,BN,1634.18661835858
PH,CA,145566.734054799
PH,CN,20226.7534902109
PH,HK,19110.0424316547
PH,MO,2371.71640503069
PH,CY,2538.01567377496
PH,KP,1867.14425642688
PH,DK,3821.62474588538
PH,FI,2177.0442907156
PH,FR,3416.38346019067
PH,DE,19907.486220878
PH,GR,1610.36899176407
PH,GU,3599.92295430443
PH,IN,1195.10536940846
PH,IE,2796.87010158199
PH,IT,35282.4012232143
PH,JP,65991.9147308636
PH,KW,41977.4950668183
PH,MY,4274.12037379939
PH,NL,3876.24880959496
PH,NZ,16314.7593854543
PH,NO,9878.53348257432
PH,OM,69105.3567977466
PH,QA,45215.3235480822
PH,KR,9835.47533990442
PH,SA,54757.360684095
PH,SG,4266.98069834543
PH,ES,7939.35623494225
PH,SE,4361.85005447529
PH,CH,4818.77034647325
PH,AE,62979.6448944559
PH,GB,36641.5086628128
PH,US,484271.370359404
PL,AU,6636.22333385219
PL,AT,9666.88568683148
PL,BY,10858.3015145023
PL,BE,13622.604132899
PL,CA,18489.634512806
PL,CZ,3580.53960838316
PL,DK,4829.72605085794
PL,FI,1249.36757828142
PL,FR,14715.3805187358
PL,DE,267497.31641756
PL,GR,2061.56702638192
PL,IS,1217.08912382711
PL,IE,14355.659166978
PL,IL,6486.83742157928
PL,IT,14487.4151708465
PL,KZ,8137.38724228007
PL,LT,5126.98674072796
PL,NL,20852.1223856647
PL,NO,21048.9450541938
PL,RU,30647.4003823997
PL,SK,1411.64270769182
PL,ZA,1539.35805863099
PL,ES,7481.39033343772
PL,SE,10669.8218664079
PL,CH,3733.32189919623
PL,UA,27678.1350023061
PL,GB,78734.8647245117
PL,US,52096.3683512768
PT,AO,23467.7940284853
PT,AU,3555.80411407942
PT,BE,13449.3334960112
PT,BR,53960.8466221639
PT,CA,32148.5063987369
PT,CV,5116.46646320309
PT,Ch. Isl.,2139.39428368776
PT,CN,1087.37081257145
PT,FR,120231.237710757
PT,DE,30444.3541592056
PT,GW,2676.02794242642
PT,IT,1889.3645667902
PT,LU,31197.6670934228
PT,MZ,8519.47618672583
PT,NL,4464.05340042803
PT,NO,1876.18827194449
PT,MD,2033.28726001284
PT,RO,2788.354038227
PT,RU,5556.82073715222
PT,ST,1635.03482648352
PT,ZA,17591.3426687974
PT,ES,13680.3917357903
PT,SE,1058.82294257849
PT,CH,58909.8033711949
PT,UA,5661.32647164716
PT,GB,21658.9515510319
PT,US,66237.923964247
PT,VE ,8108.76827092962
PR,CU,1477.09938045312
PR,DO,7558.43562630788
PR,MX,2272.84247492304
PR,US,256850.577556061
QA,AF,2096.71422114672
QA,BD,17838.3201815673
QA,CA,1025.88556660623
QA,EG,17490.3689551858
QA,ET,1872.80000775999
QA,IN,66557.0745096092
QA,ID,5747.74530424848
QA,JO,5570.69812561655
QA,KW,1246.93173806948
QA,LB,1844.54051229472
QA,NP,7612.62136347797
QA,OM,1633.31015303721
QA,PK,17859.4096806521
QA,PH,13643.9814346005
QA,SA,1645.39355871001
QA,SS,4663.20248869088
QA,LK,3615.3362978256
QA,PS,1807.04990476141
QA,SD,2930.06723175192
QA,SY,1016.32823003626
QA,TR,4686.80035856959
QA,AE,2345.19291956447
QA,GB,2061.05470455873
QA,US,1881.72485557957
QA,YE,3961.07981164291
KR,AR,1219.74405512907
KR,AU,24471.4233654449
KR,BR,2738.636236226
KR,KH,1223.66501612298
KR,CA,34829.4764246355
KR,CN,91802.9427262732
KR,KP,1821.13052811838
KR,DK,2177.54470019424
KR,FR,3881.04772947216
KR,DE,9168.09992191768
KR,ID,6294.34119634093
KR,JP,106941.0994914
KR,KZ,13283.4450888329
KR,MX,4960.61693363015
KR,MN,2563.91530112273
KR,NL,1668.8667146853
KR,NZ,3853.91171295978
KR,NO,1587.18682933684
KR,PH,5109.33659392657
KR,RU,2167.7078247576
KR,LK,1652.77611097438
KR,SE,2201.44547871132
KR,CH,1145.1479591372
KR,TH,2856.93762836766
KR,GB,2003.91936106443
KR,US,218250.865613744
KR,UZ,2536.15959725845
KR,VN,12037.8020650798
MD,BY,1542.38610242267
MD,CA,1315.27407582622
MD,DE,2570.99128671653
MD,IL,1049.7948740005
MD,IT,16024.441847549
MD,KZ,2576.02454918523
MD,PT,1805.68251482274
MD,RO,9989.69891910262
MD,RU,42877.488092189
MD,ES,1502.17748993192
MD,UA,25150.8290828852
MD,US,3587.1168672769
RE,BE,1009.41530078074
RE,FR,12473.960574325
RE,MG,2292.17367624211
RE,CH,1046.75613526514
RO,AU,3892.59658805703
RO,AT,24070.6450838752
RO,BE,33455.6835994015
RO,BG,3696.91750093372
RO,CA,23375.6786681709
RO,CY,1886.17619759451
RO,CZ,2907.40174395182
RO,DK,8796.44543873757
RO,FI,1767.8028552339
RO,FR,18634.2707531894
RO,DE,194426.270112209
RO,GR,8929.33566314519
RO,HU,51037.9444640597
RO,IE,3445.00130711798
RO,IL,19085.2053745401
RO,IT,239134.320395902
RO,KZ,1485.75517217252
RO,LB,1590.26449249033
RO,NL,5990.27084148134
RO,NO,8323.46303098331
RO,PT,5862.22736097215
RO,MD,5471.83829197685
RO,RU,7519.13703256525
RO,RS,1162.99059485422
RO,SK,3689.55598270727
RO,ES,73619.7053842707
RO,SE,8998.58322563847
RO,CH,5208.03805775254
RO,TR,14631.2627606346
RO,UA,3279.17075192273
RO,GB,22428.6423137221
RO,US,35818.6793503758
RU,AM,55442.190592095
RU,AU,3007.69414719406
RU,AT,4191.015590392
RU,AZ,87085.6004317528
RU,BY,191253.741909858
RU,BE,4557.59459021676
RU,BG,3591.93609807863
RU,CA,9976.6068660536
RU,CN,5849.20283813686
RU,CY,1951.62135128167
RU,CZ,7154.12013255909
RU,KP,1199.32165414763
RU,EE,24960.4816977493
RU,FI,2141.92525836046
RU,FR,7677.59185590423
RU,GE,47076.6566067753
RU,DE,160885.985592201
RU,GR,7822.65214717083
RU,HU,2412.69298332515
RU,IE,1005.35924450323
RU,IL,14351.9207682201
RU,IT,12536.0717113673
RU,KZ,608734.453853664
RU,KG,72950.2364839816
RU,LV,25140.6942718614
RU,LT,12944.5295727703
RU,MN,2315.4954831772
RU,NL,11165.3713730324
RU,NO,2404.42840351335
RU,PL,10003.4614922465
RU,PT,1120.84947132994
RU,KR,3155.82640618924
RU,MD,36636.0632909305
RU,RO,1493.95098402148
RU,ES,8833.15488932054
RU,SE,2713.5559921085
RU,CH,2423.89672156834
RU,TJ,74840.3293341131
RU,TR,4351.86879174418
RU,TM,28774.5758257143
RU,UA,847255.408496495
RU,GB,5879.4787273905
RU,US,49661.5479595402
RU,UZ,231872.418555866
RU,VN,1428.12462841894
RW,AO,2602.09879125366
RW,BE,4089.63313217748
RW,BI,33906.704833576
RW,CA,3238.18723108377
RW,CG,12409.8424300626
RW,CD,50392.3679044564
RW,FR,3442.92827233594
RW,KE,1973.76853062637
RW,MW,2010.12369854432
RW,ZA,6977.85365416428
RW,SS,4850.72632532408
RW,UG,31104.8476561842
RW,GB,2636.16253557574
RW,TZ,5319.2133305974
LC,GB,1233.78996678953
LC,US,2756.0756567967
VC,CA,2320.65956440222
VC,TT,1274.7771326858
VC,GB,1355.09734825537
VC,US,3633.28549901929
WS,AU,7686.21339016547
WS,NZ,8008.35709678685
WS,US,3923.68407742015
ST,AO,3706.83124558307
ST,PT,3437.37318820082
SA,AF,33766.9382715262
SA,DZ,2790.96481197323
SA,AU,8780.330018819
SA,BD,91874.7262300742
SA,CA,15790.171044134
SA,TD,1089.92299301708
SA,EG,89620.4321291262
SA,ET,12111.9145181276
SA,FR,1464.39667678128
SA,DE,7358.22484315123
SA,IN,212216.277914774
SA,ID,138364.528847521
SA,IR,2918.34786575431
SA,IQ,5703.50242781091
SA,IT,1295.74890054323
SA,JO,32250.8323729153
SA,KW,3315.91946298415
SA,LB,44426.3056178969
SA,LY,3862.76350955503
SA,MY,1491.52637307574
SA,MM,20659.6654792096
SA,NP,37190.9012720347
SA,NL,1335.83205479245
SA,NZ,1350.17110657374
SA,OM,2730.83984069616
SA,PK,125914.154142214
SA,PH,55236.2412179118
SA,QA,2123.44552938108
SA,SS,4594.08671126237
SA,LK,39425.7210927598
SA,PS,9608.28056340123
SA,SD,40719.0897747898
SA,SE,4051.43803937493
SA,CH,1085.11637579724
SA,SY,60543.116932513
SA,TR,44898.2256173535
SA,AE,7161.43401277729
SA,GB,18489.343028194
SA,US,49403.5256033414
SA,YE,60768.7575276784
SN,BE,2320.00164431442
SN,CA,2894.92007933204
SN,CG,6228.22178948415
SN,CI,3717.9102632342
SN,FR,47584.8715711996
SN,GA,5176.75682728664
SN,GM,22910.2368921024
SN,DE,2619.38618630083
SN,GN,13657.9554478562
SN,GW,6459.72866078627
SN,IT,35739.553573201
SN,ML,4327.30134047189
SN,MR,9278.88012343991
SN,MA,1395.01395227063
SN,PT,1173.62822084341
SN,SL,1997.55940775531
SN,ZA,1615.17998176715
SN,ES,10987.5471241792
SN,CH,1441.72221271752
SN,GB,1183.17676472176
SN,US,20005.0329739013
SN,EH,1149.24557056354
RS,AU,5302.27293217264
RS,AT,49582.1713150313
RS,BE,4784.09929352352
RS,BA,31597.6433988164
RS,BG,1006.45281756448
RS,CA,6063.82835956621
RS,HR,42705.3751452657
RS,FR,10107.4772583137
RS,DE,30667.5653985099
RS,HU,15475.3670935538
RS,IT,6528.98624640266
RS,LU,1761.61956469489
RS,ME,10539.8150771121
RS,NL,3116.32478876666
RS,NO,1781.14631789175
RS,SI,12211.8218922191
RS,ZA,1095.25716576991
RS,SE,4179.29083536676
RS,CH,37908.1894614891
RS,MK,9678.07909465731
RS,TR,1108.94005497627
RS,GB,1531.51180477551
RS,US,9549.30098571175
SC,AU,1007.58448154398
SC,GB,1457.42227751081
SL,AU,1582.31203988422
SL,CA,1141.24428360621
SL,DE,1653.05415311721
SL,GH,1464.31030124415
SL,GN,11538.6594216176
SL,LR,2811.63333129339
SL,ML,1254.81867748866
SL,NL,1149.52873700644
SL,NG,1355.61486750466
SL,SN,1867.43131465788
SL,GB,9291.82878650076
SL,US,15803.2321124021
SG,AU,22755.0589788952
SG,BD,8772.50472742289
SG,CA,4285.72177040473
SG,CN,45582.6720883508
SG,HK,7921.14597236072
SG,MO,1579.14845760239
SG,IN,15192.9143850262
SG,ID,17991.2180077363
SG,MY,131480.948028788
SG,NZ,1688.3854113791
SG,PK,12686.7798495386
SG,PH,1673.53724765719
SG,LK,1010.06610155491
SG,TH,1789.44594728055
SG,GB,11463.9926071919
SG,US,11147.5794295064
SK,AT,6028.86216365037
SK,BE,2268.43332453828
SK,CA,1859.37628627162
SK,CZ,39770.7763787619
SK,DE,9224.62253930681
SK,HU,4617.61694112374
SK,IE,1414.69377230591
SK,IT,1612.26622771207
SK,NO,1747.88033409543
SK,CH,2538.35762253939
SK,GB,8299.85099855775
SI,AU,1254.39780052087
SI,AT,4367.01288430549
SI,BA,9745.97430860347
SI,CA,1450.67097161366
SI,HR,9133.97743270092
SI,DE,10256.2691739253
SI,IT,1273.24359852536
SI,RS,5589.02377692231
SI,CH,2102.50785643169
SI,MK,1587.48652588396
SI,US,1923.57520869339
SB,AU,5300.61380285641
SB,FJ,1446.22838999506
SB,GB,1264.27174628414
SO,DZ,5936.94807827839
SO,AU,3182.23357265708
SO,BE,1629.73966281789
SO,CA,9067.12274547646
SO,DK,3895.02746485389
SO,DJ,9115.37306146612
SO,EG,8133.11488761284
SO,ET,80435.8080011929
SO,FI,7288.81735230066
SO,DE,3242.08505779224
SO,IT,4074.85622901363
SO,KE,104791.343355402
SO,LY,8661.65803722641
SO,NL,13133.3889555001
SO,NO,14494.772505517
SO,ZA,52102.1871585092
SO,SE,32122.9717262828
SO,CH,2136.0260705532
SO,TR,1756.24368589274
SO,UG,14999.5696791476
SO,GB,39776.7384643044
SO,US,64882.2019962478
SO,YE,73875.8576720262
ZA,AO,7125.71296985766
ZA,AU,53449.4444513225
ZA,AT,2382.60193417329
ZA,BE,1026.86707952793
ZA,BW,17666.866015429
ZA,CA,13610.1863279602
ZA,CL,12036.8483576473
ZA,CN,2157.48886657035
ZA,CG,1818.61412144092
ZA,CY,2219.69262322668
ZA,CD,2812.78865661286
ZA,FR,2302.0466541594
ZA,DE,12211.9876158061
ZA,GR,2105.95448676442
ZA,IN,3485.14557867467
ZA,IE,2649.53232453763
ZA,IL,2632.97559525678
ZA,IT,3711.47084092764
ZA,KZ,1501.44925803011
ZA,KE,1454.18125666497
ZA,LS,30817.1088720283
ZA,MW,7856.7271756718
ZA,MZ,48741.8469450921
ZA,NA,14388.1260243469
ZA,NL,4970.92791248317
ZA,NZ,16755.93656871
ZA,NG,1295.30637016044
ZA,PL,1181.08665742893
ZA,PT,6668.83836234062
ZA,RU,1413.65184279481
ZA,SO,1907.97110062984
ZA,ES,1106.28074939112
ZA,SZ,13857.0335564504
ZA,CH,4185.61929588095
ZA,TR,1522.66954584408
ZA,GB,83535.7871965332
ZA,US,27365.7001210834
ZA,ZM,6508.04019088621
ZA,ZW,41773.0983889873
SS,CD,7566.45752126376
SS,ET,35944.7407337659
SS,KE,9554.02649392323
SS,SD,14469.6531698465
SS,UG,10743.2517617829
ES,DZ,7325.02438772588
ES,AO,1482.71963595475
ES,AR,90400.777437219
ES,AM,1368.73743962085
ES,AU,12134.3000530769
ES,AT,11833.548929715
ES,BD,1067.59278151723
ES,BY,1819.94169521569
ES,BE,41760.500122916
ES,BO,27631.8771715313
ES,BR,39784.2816886596
ES,BG,20890.002802791
ES,CA,16208.3039478858
ES,CL,36354.4819702341
ES,CN,20017.8637366009
ES,CO,48130.5093964623
ES,CU,13465.8546717518
ES,CZ,4812.69146898048
ES,DK,6472.98553379946
ES,DO,17420.94529684
ES,EC,61741.1129477903
ES,GQ,7961.12474154805
ES,FI,4908.47557713175
ES,FR,121274.430189108
ES,GM,2019.2855989455
ES,DE,107280.519326451
ES,GH,1707.63496024901
ES,GR,1590.09524536132
ES,GT,1366.18985910633
ES,GN,1431.52973932445
ES,HN,3379.37068191679
ES,HU,5798.95333582726
ES,IN,4087.88417745331
ES,IE,3729.38822559816
ES,IL,3927.20764978285
ES,IT,54151.9309838282
ES,JP,1944.22526215954
ES,KZ,11402.5921091791
ES,LT,2027.38219660434
ES,LU,4725.38727488105
ES,ML,2335.17749673016
ES,MR,1031.83509302245
ES,MX,19841.5486688797
ES,MA,87447.6627504219
ES,NL,23080.5511865921
ES,NZ,1092.23720037677
ES,NI,1415.7892173555
ES,NG,3982.39919113086
ES,NO,12189.7437478092
ES,PK,6501.37937409395
ES,PA,3871.98938529033
ES,PY,8817.9265102701
ES,PE,24638.943775953
ES,PH,4872.16854136296
ES,PL,12018.5981339715
ES,PT,23541.0542641625
ES,MD,2127.98103537839
ES,RO,95969.6079489548
ES,RU,39856.5338874991
ES,SN,6024.94172491707
ES,SK,2758.2364598138
ES,ZA,4402.1944272931
ES,SE,10229.6187959047
ES,CH,47168.6849707171
ES,TR,26774.4335221676
ES,UA,13115.8701223141
ES,GB,71641.9460168331
ES,US,104155.698581052
ES,UY,11174.786360357
ES,VE ,38027.9058560438
LK,AU,52479.7915313989
LK,BH,2470.57593671238
LK,BE,1094.61401800625
LK,BW,1050.70769080178
LK,CA,67990.8732408988
LK,CN,2557.91313514382
LK,CY,5738.7478281005
LK,DK,3840.00639077169
LK,FR,19670.6827059216
LK,DE,26125.3899642169
LK,IN,32869.7178502352
LK,IT,38852.4903434669
LK,JP,5094.95086057645
LK,JO,1866.30770199096
LK,KW,12729.0931996699
LK,LB,1161.37189552155
LK,MY,2757.72628089119
LK,MV,1160.72492131287
LK,NL,4570.3002075068
LK,NZ,4863.91261363389
LK,NO,4216.87870197255
LK,OM,33910.5322512161
LK,QA,31603.4271035442
LK,KR,16813.8939918294
LK,SA,111203.369819761
LK,SG,4972.74327561936
LK,SE,3169.02511588399
LK,CH,22851.4789088604
LK,AE,29274.4441452352
LK,GB,63038.1593092895
LK,US,25041.162785816
PS,DZ,3765.76737099266
PS,BH,1203.71583172462
PS,EG,15325.5298401672
PS,IL,7607.08276525298
PS,JO,216520.206590438
PS,KW,2216.70949784462
PS,LB,39280.4602853315
PS,LY,13133.7310039334
PS,OM,1920.44630181891
PS,QA,2156.32429140764
PS,SA,2644.18844783762
PS,SY,18657.1377878831
PS,AE,4635.83605103978
PS,US,5446.84661744705
SD,AO,1127.16244341035
SD,AU,5767.46708534291
SD,CM,2022.67359260931
SD,CA,4007.78770333425
SD,CF,13520.7585130618
SD,TD,131855.311353522
SD,CD,16067.68359547
SD,EG,9295.82833388465
SD,ER,16705.4134759912
SD,ET,84374.4817311399
SD,FI,1042.87145481186
SD,FR,1176.09864826402
SD,KE,1685.17280019633
SD,KW,6021.30305062531
SD,LY,1401.35042492736
SD,NG,1690.84693308392
SD,NO,2176.15183117141
SD,OM,8583.22915986273
SD,QA,2253.74009176715
SD,SA,40840.9140747874
SD,ZA,4132.86527202558
SD,SS,623484.872666145
SD,SE,1871.86732487453
SD,UG,23010.5455473384
SD,AE,9985.23632531843
SD,GB,5039.75430337447
SD,US,9924.16398749611
SD,YE,3735.70629791316
SR,FR,3085.15209332432
SR,GF,4699.34747350951
SR,GY,2079.98217750943
SR,NL,19850.6137369834
SR,US,1457.12423865863
SZ,MZ,1105.45532237672
SZ,ZA,23181.4889482732
SE,AF,1438.44797375576
SE,AU,4676.23028726867
SE,AT,4044.02039660458
SE,BE,1419.66419195527
SE,BA,5239.19270473904
SE,BR,1081.34366774268
SE,BG,1019.70806943079
SE,CA,3329.61018061579
SE,CL,5044.95970073204
SE,CN,2926.57538705988
SE,CO,1259.6011962122
SE,HR,1963.07170408128
SE,DK,11288.3268404705
SE,ER,1244.61891808583
SE,EE,1676.57861758927
SE,ET,1555.18065417195
SE,FI,47350.2896119346
SE,FR,3085.08596746994
SE,DE,17077.3708052447
SE,GR,2184.84177018721
SE,HU,2498.12274385647
SE,IS,1070.34573349054
SE,IN,1984.37377901442
SE,IR,7235.23678165013
SE,IQ,12162.7920807847
SE,IT,2687.30568283524
SE,JP,1093.33939188997
SE,LB,2760.88632579492
SE,LU,1165.58859198949
SE,NL,2382.98948785659
SE,NO,20535.020312267
SE,PK,1214.86010217944
SE,PH,1197.71601253567
SE,PL,8880.22801589722
SE,KR,1233.6786015162
SE,RO,2034.92485664242
SE,RU,3392.46483583911
SE,RS,1444.6758878668
SE,SO,3332.68402757413
SE,ES,4009.70054498834
SE,CH,5309.59721576187
SE,SY,2176.31930079034
SE,TH,3327.70373461732
SE,TR,11200.2044769595
SE,GB,11653.4300232241
SE,US,12020.3839280438
SE,VN,1792.65786174622
CH,AR,1075.16889790656
CH,AU,4268.87508553843
CH,AT,11435.5384550574
CH,BE,2345.02310254642
CH,BA,4545.20571252589
CH,BR,5963.33423460025
CH,CA,6394.10551424704
CH,CL,1323.63784535683
CH,CN,1804.13958961112
CH,CO,1273.83675153221
CH,HR,3244.49354876372
CH,CZ,1732.03248596248
CH,DK,1264.08602596545
CH,DO,1149.43784057942
CH,EC,1053.88968147599
CH,FI,1139.17947320094
CH,FR,29942.475966348
CH,DE,61352.4789417225
CH,GR,1436.1657208361
CH,HU,2658.85590691684
CH,IN,1794.07310130463
CH,IT,59902.2067610392
CH,MA,1598.97765463291
CH,NL,4518.72266339264
CH,PE,1011.51495094478
CH,PH,1402.24002293278
CH,PL,2970.92585846925
CH,PT,20202.7463898664
CH,RO,1298.03202730908
CH,RU,2682.25119274551
CH,RS,17495.4770677256
CH,SK,1545.60188602376
CH,ZA,1642.62871938309
CH,ES,13601.9595279141
CH,LK,3445.41121246196
CH,SE,1981.39086097782
CH,MK,5274.35784875437
CH,TH,1848.886999653
CH,TN,1098.11098413549
CH,TR,13233.1020534157
CH,GB,9183.75534418272
CH,US,12148.267171241
CH,VN,1245.29571232252
SY,DZ,3128.63039329061
SY,AM,1361.88980454227
SY,AU,16206.3162667194
SY,AT,2189.21366504004
SY,BE,6388.267229246
SY,CA,15221.2600059284
SY,DK,6973.25849631832
SY,EG,123924.825723932
SY,FI,5038.02602633611
SY,FR,2995.08607576679
SY,DE,40718.3351865793
SY,GR,1441.94561661746
SY,IR,9949.10099843597
SY,IQ,467667.879410518
SY,IL,13108.6442755795
SY,IT,1506.85806172528
SY,JO,503421.382504169
SY,KW,2140.58979955975
SY,LB,1.17510773173273e6
SY,LY,3187.03450489137
SY,NL,10479.3648736114
SY,NO,8471.09504404849
SY,OM,3697.08152429994
SY,RU,1270.48410149486
SY,SA,62735.3400028499
SY,ES,1222.68834209082
SY,PS,16802.19589761
SY,SE,72409.9091254896
SY,CH,2700.17864396579
SY,TR,1.54306218428225e6
SY,UA,1130.20102630599
SY,AE,3786.26066874404
SY,GB,18351.6317846837
SY,US,68409.1075568993
SY,VE ,1726.92847315694
TJ,AF,2505.34413280256
TJ,BY,3823.69101379613
TJ,DE,5971.39679854632
TJ,KZ,12146.1555631381
TJ,KG,1628.08161548466
TJ,RU,161606.464683017
TJ,UA,18500.7076748635
TJ,UZ,3593.90137371534
MK,AL,5665.77803325846
MK,AU,5078.07104550877
MK,AT,3279.27314126677
MK,BE,2658.99102167558
MK,CA,1056.79799359134
MK,HR,1315.819139242
MK,FI,5331.75602859864
MK,GR,1154.99826360545
MK,IT,8128.68950096256
MK,ME,1362.08101512846
MK,RS,6583.23232663251
MK,SI,2821.77416209322
MK,SE,1044.14549155099
MK,CH,8024.73800820891
MK,TR,25825.0332563158
MK,US,2621.31990805209
TH,AU,32332.5156707517
TH,AT,3374.19803512561
TH,BD,3525.20666513269
TH,BE,2051.49536851499
TH,BN,4785.43954198864
TH,KH,87567.1938494348
TH,CA,9050.16814568253
TH,CN,16042.6908795322
TH,HK,7410.39931384841
TH,DK,7077.18764628441
TH,FI,8675.88947385639
TH,FR,9141.9806740706
TH,DE,44348.164885039
TH,IN,1409.79695575897
TH,ID,6219.7117098243
TH,IT,4943.25090905896
TH,JP,25314.2104184525
TH,KW,1756.5123748349
TH,LA,90999.9035999707
TH,MY,5160.27298688283
TH,MM,200289.66597953
TH,NP,1265.14733135791
TH,NL,7416.31801383215
TH,NZ,4273.84790779557
TH,NO,11488.8953839499
TH,QA,1691.34781765908
TH,KR,12127.5196828707
TH,SA,1500.0585705828
TH,SG,9913.10884445306
TH,ES,1139.41282361742
TH,SE,21880.0382582866
TH,CH,11650.5656369455
TH,AE,4876.07164907186
TH,GB,23482.8673313488
TH,US,122778.467935383
TH,VN,7805.84846675423
TL,AU,14143.8619239322
TL,ID,23997.0073465823
TL,MY,1785.93503289791
TL,PT,2179.19263951836
TL,SA,1252.01113165346
TL,GB,2807.26740276401
TL,US,1317.1475333872
TG,BE,1922.67412826326
TG,BJ,20876.1349936477
TG,BF,3030.4907133488
TG,CA,1022.20247487801
TG,CG,1025.92560907061
TG,CI,6276.18044818322
TG,FR,7479.94191226324
TG,GA,2875.18445271301
TG,DE,6293.86933225052
TG,GH,31113.4765288741
TG,GN,1570.65579027969
TG,IT,1794.52356590431
TG,ML,1536.74112832678
TG,NE,8007.73311725987
TG,NG,33499.9861315597
TO,AU,2854.0178796081
TO,NZ,4550.66605314104
TO,US,4295.89186345302
TT,CA,11451.7232710992
TT,GB,3968.94441327695
TT,US,28642.8812363195
TN,AT,1144.09953147992
TN,BE,2179.12913539198
TN,CA,2909.3445541748
TN,FR,66571.9712546821
TN,DE,12390.4957556992
TN,IL,3468.70422242998
TN,IT,21593.4585199266
TN,MA,1232.92444132753
TN,SE,1439.62722045629
TN,CH,3318.90270814165
TN,GB,1426.12373158539
TN,US,3340.53702220284
TR,AU,5700.87391335406
TR,AT,23072.3555958428
TR,AZ,2129.31556103662
TR,BE,6021.65958292654
TR,BG,48508.0221754321
TR,CA,3864.80045753216
TR,CY,1191.24179420763
TR,DK,4383.27935321979
TR,FI,1189.4862417766
TR,FR,34449.3375758537
TR,DE,228787.165988015
TR,GR,10347.151460892
TR,IR,1871.63382277759
TR,IQ,2933.36332457936
TR,IL,3534.60160826558
TR,IT,3913.94930556183
TR,KZ,6558.00213114729
TR,KW,1214.323467886
TR,NL,24807.9045928016
TR,NO,1724.10074024041
TR,RO,2558.86329309639
TR,RU,4195.48643623092
TR,ES,1623.16237022721
TR,SE,5990.47517324141
TR,CH,11319.3480791777
TR,MK,16007.8922924548
TR,AE,2546.83702141786
TR,GB,13715.7540684535
TR,US,14702.2507879837
TM,AM,1142.27516089431
TM,AZ,1168.51147980042
TM,BY,1844.49803903453
TM,DE,1347.32648379821
TM,KZ,2425.07788621757
TM,RU,50658.905639437
TM,UA,6390.98046100675
TM,UZ,10215.9906931701
UG,AU,1989.14768581758
UG,BW,1005.32381320544
UG,BI,3205.18763930591
UG,CA,7304.86560481052
UG,TD,5057.32077780071
UG,CD,30955.2090450859
UG,ER,1359.79731942434
UG,ET,1220.43162621608
UG,DE,1776.99235063603
UG,KE,79536.7571279918
UG,NL,1018.1143107705
UG,RW,27754.0105035724
UG,SO,1182.3725664392
UG,ZA,12098.5650464964
UG,SS,137580.010449633
UG,SD,22768.7140122208
UG,SE,2801.17284018816
UG,GB,34480.8110226431
UG,TZ,3747.48187070433
UG,US,25601.7251724919
UA,AM,5265.48787601258
UA,AU,1804.50981318839
UA,AZ,9352.94665173074
UA,BY,61031.9669954884
UA,BE,1056.059558426
UA,BG,1050.02632319037
UA,CA,7651.14968197267
UA,CZ,10831.0131838515
UA,EE,4007.67158622674
UA,FR,1811.73357257795
UA,GE,7768.12261945994
UA,DE,32968.6707525561
UA,GR,2324.93780346671
UA,HU,4541.5489402184
UA,IL,14256.6568203302
UA,IT,23761.2035247249
UA,KZ,77625.5461712895
UA,KG,6023.15694727043
UA,LV,6019.81114557074
UA,LT,3583.77602458807
UA,NO,1017.6292089597
UA,PL,23036.3899975692
UA,PT,4616.65489254415
UA,MD,22119.2664352433
UA,RO,1238.52538588873
UA,RU,935352.27291251
UA,SK,1540.90030793681
UA,ES,7831.4165182585
UA,SE,1247.56504616033
UA,TJ,3811.82696491285
UA,TM,3337.7910802475
UA,GB,2650.27515737357
UA,US,36602.8016756408
UA,UZ,40673.9089606945
UA,VN,1294.4819585491
AE,AF,14522.5091640019
AE,AU,12350.6827201703
AE,AT,1025.83213099177
AE,BH,2122.01945044683
AE,BD,103724.055333677
AE,CA,22264.8223787728
AE,TD,5913.4964463843
AE,EG,104555.250280954
AE,ER,2344.3718422024
AE,ET,10179.1277095884
AE,FR,4283.89072239444
AE,DE,2606.67647747701
AE,IN,391311.485615262
AE,ID,34298.4192288844
AE,IQ,1297.20617672559
AE,IT,2622.60114540666
AE,JP,1299.07586785251
AE,JO,28221.5280382672
AE,KW,23937.784361073
AE,LB,12227.8168620629
AE,LY,1050.01243618801
AE,MY,4093.69516267912
AE,MX,1101.4717272396
AE,NP,3029.33975636055
AE,NL,2066.8242787752
AE,NG,1555.04201042714
AE,NO,1435.76187174833
AE,OM,29828.2965580153
AE,PK,110208.190925274
AE,PH,64531.3566105276
AE,QA,7463.2130704577
AE,SA,13625.8153584471
AE,SG,2360.14224143851
AE,ZA,2255.94686938716
AE,SS,37501.7228194021
AE,LK,12628.4883556318
AE,PS,14565.278080012
AE,SD,15592.403604577
AE,SE,2935.68426278107
AE,CH,1179.0771271082
AE,SY,5564.78769204319
AE,TH,1340.94585272904
AE,TR,30475.8304865701
AE,GB,22973.0260329553
AE,US,27867.0314646338
AE,YE,21971.84056948
GB,AF,6287.49491247804
GB,AL,1172.38721363295
GB,DZ,3096.02846013833
GB,AO,1783.95383496863
GB,AR,1408.98719608576
GB,AU,286154.560303009
GB,AT,7428.44124702413
GB,BD,23359.8398736676
GB,BB,2525.55395230231
GB,BY,1540.81610279083
GB,BE,11018.1839933968
GB,BW,3262.58656367185
GB,BR,8066.8812150366
GB,BG,8631.92937109873
GB,CM,1149.3090770333
GB,CA,162973.730432019
GB,Ch. Isl.,13305.9117567713
GB,CL,10700.1994476152
GB,CN,21766.843614241
GB,HK,13220.6285091328
GB,CO,3186.65436629597
GB,HR,1204.35218938461
GB,CY,20576.4797440493
GB,CZ,7416.38502088644
GB,KP,2327.58096188631
GB,CD,2310.77680773576
GB,DK,8586.8139015199
GB,EC,1747.93738768527
GB,EG,4373.75200069155
GB,ER,2103.04504396546
GB,EE,1276.67860840636
GB,ET,1981.31815300319
GB,FI,6130.48448291363
GB,FR,53959.5314845524
GB,GM,1107.56577510191
GB,DE,84401.1366939545
GB,GH,10486.4472693321
GB,GR,7687.50529072749
GB,GY,1827.91064822808
GB,HU,9460.10124714713
GB,IN,78671.313967
GB,ID,4429.22399960012
GB,IR,9974.46472603124
GB,IQ,7336.91457521428
GB,IE,86108.6768512354
GB,IL,6200.64011627404
GB,IT,33031.4396647058
GB,JM,14977.4938228012
GB,JP,8295.36814848455
GB,KZ,3023.37417127334
GB,KE,14572.5301166692
GB,KW,2187.16034231958
GB,LV,6964.70972112934
GB,LB,1758.85074625096
GB,LY,1991.21021353967
GB,LT,11105.9312698139
GB,LU,2749.96403649628
GB,MW,2311.44181098602
GB,MY,9756.75930405764
GB,MT,6932.10883921776
GB,MU,4669.53536173675
GB,MX,1792.16103113425
GB,MA,2693.90504803689
GB,MM,1219.72237119453
GB,NP,5155.99208899474
GB,NL,20437.7956118758
GB,NZ,59791.7497367896
GB,NG,19488.4495454729
GB,NO,10415.2153896535
GB,OM,6105.54704977903
GB,PK,54307.2058049199
GB,PE,1066.81496561077
GB,PH,15016.2444733536
GB,PL,86822.466701811
GB,PT,13575.1801298422
GB,QA,1011.44642951189
GB,KR,1560.87801021203
GB,RO,10558.9626366943
GB,RU,11561.1701800582
GB,LC,1160.637898429
GB,SA,4658.15507338716
GB,RS,1281.73268805947
GB,SL,2562.68547715302
GB,SG,5093.69560461369
GB,SK,10556.8486715776
GB,SO,8850.08654241319
GB,ZA,142392.927710143
GB,ES,47296.0081623984
GB,LK,12268.457431658
GB,SD,2098.50813645771
GB,SE,12360.7125090365
GB,CH,18814.9670913479
GB,TH,5109.54921450414
GB,TT,3070.72792156542
GB,TR,26829.7487379937
GB,UG,6076.75169117188
GB,UA,5159.09768391533
GB,AE,3906.44132418742
GB,TZ,3687.89282010848
GB,US,185511.299996477
GB,VE ,1505.75108152318
GB,VN,4001.92967627941
GB,YE,2106.3090591559
GB,ZM,3918.56768836606
GB,ZW,15021.0830096184
TZ,AO,1651.60322327131
TZ,AU,3435.8908346965
TZ,BE,2025.00078777078
TZ,BW,2486.5046054015
TZ,BI,29757.8244609392
TZ,CA,14500.8401069288
TZ,CG,4086.45103544072
TZ,CD,16607.2775433917
TZ,FR,2687.54112822716
TZ,IN,1021.73437097254
TZ,IT,1367.80774018054
TZ,KE,13781.8752692827
TZ,MW,7300.17540483991
TZ,MZ,9081.20949327159
TZ,NA,1128.84637891974
TZ,PT,1730.10852790944
TZ,RW,10261.8632026044
TZ,ZA,31787.1811452427
TZ,SS,3631.04597399913
TZ,SE,1934.59096751852
TZ,CH,1097.75892530163
TZ,UG,25632.1181253672
TZ,GB,24226.0977791143
TZ,US,33554.3336096148
TZ,ZM,3977.3529360882
US,AF,5733.06606373214
US,AL,6679.86907222486
US,DZ,1995.66810261676
US,AO,1365.22285182403
US,AG,2394.72832781334
US,AR,21998.2572474735
US,AM,8388.17245236614
US,AU,54344.0897834575
US,AT,23191.3699836557
US,AZ,2523.20117179575
US,BS,6736.10729872972
US,BD,20393.2463100051
US,BB,5625.67412596866
US,BY,14899.0069448351
US,BE,13002.0985994908
US,BZ,6605.71075898099
US,BO,9394.48848606175
US,BA,10803.6090572016
US,BR,52180.4292022343
US,BG,8948.63127963757
US,KH,16781.2953344817
US,CM,3282.95353954125
US,CA,198405.444168686
US,CV,3093.55090176394
US,CL,17936.0527504406
US,CN,221046.371042503
US,HK,24234.6650843473
US,MO,1016.40383295138
US,CO,76984.3119778485
US,CR,13462.2327704498
US,CI,2236.69725528193
US,HR,7616.85481354247
US,CU,116949.846593791
US,CY,2991.7495778126
US,CZ,15348.6268952574
US,CD,2245.20543869566
US,DK,8812.50881077893
US,DO,94976.1843733225
US,EC,55808.5248128912
US,EG,16691.4815943558
US,SV,111068.86733157
US,ER,2845.92691754278
US,EE,1819.83070625496
US,ET,14912.7366990711
US,FJ,3790.81431510575
US,FI,8095.04755336953
US,FR,34781.6745697849
US,GM,1688.75191382696
US,GE,2059.10123144024
US,DE,169972.570923871
US,GH,12357.7846502835
US,GR,21368.9329995896
US,GD,2379.94879896426
US,GU,2544.56961653497
US,GT,95057.8719843532
US,GN,1906.1683457782
US,GY,19917.9498809997
US,HT,60303.3893882173
US,HN,55541.6927581777
US,HU,12513.3803440388
US,IS,1176.10196960266
US,IN,187882.962858606
US,ID,11366.3717433556
US,IR,38525.2358063364
US,IQ,11806.8454102238
US,IE,17875.825744136
US,IL,28939.3033032687
US,IT,64441.3432716021
US,JM,59202.1428487804
US,JP,74457.1535832091
US,JO,7721.23299357461
US,KZ,36269.1444346335
US,KE,9405.4073354634
US,KW,2957.55732280793
US,LA,18125.4439809284
US,LV,3058.8800440738
US,LB,13342.8713272791
US,LR,7241.03521231443
US,LY,1779.09562845791
US,LT,3802.15879990188
US,LU,2325.37168463596
US,MY,7355.2113429090095
US,MT,1285.11156158902
US,MX,1.55552020444577e6
US,MA,6856.7602919154
US,MM,6597.09162591058
US,NP,4880.55888355263
US,NL,26881.4600148291
US,NZ,9832.8471107245
US,NI,25049.9827363098
US,NG,20619.6432141214
US,NO,16199.7065721823
US,PK,32496.1855053387
US,PA,16609.9501659433
US,PY,3385.4762334351
US,PE,47554.0914495806
US,PH,205049.55669957
US,PL,61084.6180043779
US,PT,39989.6437284453
US,PR,157368.365898118
US,KR,152075.492041233
US,MD,3617.18834539138
US,RO,17961.9385239194
US,RU,100232.251657603
US,LC,2167.93854293979
US,VC,1788.7441508381
US,WS,1212.92840466578
US,SA,6405.20867311494
US,SN,3194.85313958723
US,RS,5083.82043110794
US,SL,3693.20336713339
US,SG,7933.20256252781
US,SK,6113.18128716352
US,SI,1657.69868628037
US,SO,10173.4784093748
US,ZA,18220.9291467258
US,ES,27829.4622225382
US,LK,3994.9345111321
US,PS,3590.43755246219
US,SD,4642.20203558511
US,SR,1488.22843747202
US,SE,13797.8360770612
US,CH,33045.5232364398
US,SY,5974.61922701956
US,MK,2804.16983277798
US,TH,26510.9505463153
US,TO,1203.38051998468
US,TT,25109.4456891465
US,TN,1246.84254523585
US,TR,35636.4551446113
US,UG,3473.10024930096
US,UA,68269.6660403711
US,AE,5033.58946858889
US,GB,139331.886697261
US,TZ,3409.50779148458
US,VI,2476.14668461168
US,UY,6150.10486075089
US,UZ,4408.97995221338
US,VE ,24474.4510522389
US,VN,146652.269504055
US,YE,3899.42884045803
US,ZM,2696.61040709429
US,ZW,5051.4956445468
VI,US,3836.04589257332
UY,AR,27858.3840565515
UY,AU,2302.42864870841
UY,BR,9709.33762780535
UY,CA,2179.05244017988
UY,CL,1527.67260618651
UY,DE,2107.23983948619
UY,IL,1255.24443965529
UY,IT,3269.8637150994
UY,MX,1104.6108061401
UY,ES,10690.3196122429
UY,CH,1099.62713411808
UY,US,9011.38053875136
UZ,AM,1261.34509004734
UZ,AZ,4499.77172015922
UZ,BY,8147.78404302764
UZ,DE,7002.7305766072
UZ,IL,2542.04048663539
UZ,KZ,66525.4048251085
UZ,KG,1741.77421899058
UZ,KR,24532.6711339753
UZ,RU,340968.592185315
UZ,TJ,2387.50547585072
UZ,TR,1255.18640954423
UZ,TM,10541.8577464732
UZ,UA,67914.1324561394
UZ,US,6280.6578990894
VE ,AR,1420.79656615565
VE ,AW,1015.96615524254
VE ,AU,2350.35921202775
VE ,BR,2223.41797804326
VE ,CA,6963.7671836991
VE ,CL,5652.62746863667
VE ,CN,1566.02438096368
VE ,CO,124582.357559297
VE ,CU,1364.02685303398
VE ,DO,3064.85597348618
VE ,EC,8267.28243391393
VE ,FR,2754.6219528599
VE ,DE,5449.84925300558
VE ,GY,1485.30542210425
VE ,HT,1794.35191997332
VE ,IT,19957.8732872509
VE ,LB,1284.59289812858
VE ,MX,8395.38538311032
VE ,NL,1547.8313174538
VE ,PA,3608.80813731053
VE ,PE,5837.44289414954
VE ,PT,12712.9616409606
VE ,ES,38442.7195444245
VE ,CH,2569.46742741146
VE ,SY,1527.84820599494
VE ,GB,3479.03700768723
VE ,US,69491.3450430901
VN,AU,38268.5197252285
VN,BD,3492.07922622353
VN,KH,4577.81839932451
VN,CA,34530.0603074506
VN,CN,4303.91993361955
VN,HK,1322.28497880717
VN,CZ,9297.28737282927
VN,DK,2049.34600714073
VN,FI,3254.14510591204
VN,FR,17280.2117306036
VN,DE,29301.7731656756
VN,JP,38631.7419906461
VN,LA,1891.57162449266
VN,MY,10697.5293115706
VN,NL,2004.59643780259
VN,NZ,1299.73317643615
VN,NO,2432.58732740506
VN,KR,30528.455296649
VN,RU,4760.34429412943
VN,SE,3895.1785189644
VN,CH,3158.01963947261
VN,TH,2045.61594196356
VN,UA,4416.58508103952
VN,GB,6001.40864953376
VN,US,251184.627613603
EH,DZ,8617.60734872841
YE,DZ,1306.3171714674
YE,BH,1849.84812252643
YE,EG,3819.88901883712
YE,ET,1569.62580478301
YE,DE,1339.4287011179
YE,IQ,1448.0337737096
YE,IL,9646.65414096404
YE,JO,1203.12601981712
YE,KE,1061.56710342675
YE,KW,15523.1904366158
YE,LY,2203.55970706611
YE,QA,8074.31265464232
YE,SA,129163.431061828
YE,SO,19475.0171098761
YE,SD,2983.20972130879
YE,SE,1103.59362638481
YE,AE,21312.4694280132
YE,GB,7416.72539393
YE,US,17843.6441329208
ZM,AO,15170.4772952372
ZM,AU,1476.02173958039
ZM,BW,3885.22600005915
ZM,BI,1153.11361396316
ZM,CG,2228.15931084741
ZM,CD,2677.10800933323
ZM,MW,7566.19054954937
ZM,MZ,1577.56141759421
ZM,NA,1864.49063053659
ZM,PT,2121.03463586455
ZM,ZA,21278.6429947315
ZM,UG,1447.00135500488
ZM,GB,6320.42713253108
ZM,TZ,1503.25124158467
ZM,US,7510.80338590932
ZM,ZW,6971.20834542417
ZW,AU,9553.49005490294
ZW,BW,10844.3147989499
ZW,CA,2993.67191557181
ZW,MW,18438.8651526361
ZW,MZ,19967.8656489032
ZW,NA,4418.8311495789
ZW,NZ,1440.98547622307
ZW,PT,1727.54265914211
ZW,ZA,210747.993692717
ZW,GB,30271.215098072
ZW,US,13743.858438142
ZW,ZM,9494.9066585722
